#SampleID	ERR2010979	ERR315850	ERR315851	ERR315852	ERR315853	ERR315854	ERR315855
sk__Archaea	4	0	0	0	0	0	0
sk__Archaea;k__;p__Euryarchaeota;c__Candidatus_Poseidoniia	295	0	0	0	0	0	0
sk__Archaea;k__;p__Euryarchaeota;c__Thermoplasmata	261	0	0	0	0	0	0
sk__Archaea;k__;p__Thaumarchaeota;c__;o__Nitrosopumilales;f__Nitrosopumilaceae	3	0	0	0	0	0	0
sk__Bacteria	939	202	962	741	669	327	424
sk__Bacteria;k__;p__Acidobacteria	1	18	0	0	1	0	0
sk__Bacteria;k__;p__Acidobacteria;c__;o__;f__;g__;s__Acidobacteria_bacterium_IGE-018	0	5	0	0	0	0	0
sk__Bacteria;k__;p__Acidobacteria;c__Blastocatellia;o__Blastocatellales;f__Blastocatellaceae	0	3	0	0	0	0	0
sk__Bacteria;k__;p__Acidobacteria;c__Blastocatellia;o__Blastocatellales;f__Blastocatellaceae;g__Stenotrophobacter	0	6	0	0	0	0	0
sk__Bacteria;k__;p__Actinobacteria	5	0	22	59	56	8	8
sk__Bacteria;k__;p__Actinobacteria;c__Acidimicrobiia	56	179	94	206	34	13	77
sk__Bacteria;k__;p__Actinobacteria;c__Acidimicrobiia;o__Acidimicrobiales	0	0	0	0	0	0	1
sk__Bacteria;k__;p__Actinobacteria;c__Acidimicrobiia;o__Acidimicrobiales;f__Ilumatobacteraceae	2	7	8	42	12	28	49
sk__Bacteria;k__;p__Actinobacteria;c__Acidimicrobiia;o__Acidimicrobiales;f__Ilumatobacteraceae;g__Ilumatobacter	0	0	0	0	0	0	1
sk__Bacteria;k__;p__Actinobacteria;c__Actinobacteria	7	18	5	3	5	2	0
sk__Bacteria;k__;p__Actinobacteria;c__Actinobacteria;o__Bifidobacteriales;f__Bifidobacteriaceae;g__Gardnerella	0	7	0	0	0	0	0
sk__Bacteria;k__;p__Actinobacteria;c__Actinobacteria;o__Candidatus_Actinomarinales	48	0	35	5	21	9	8
sk__Bacteria;k__;p__Actinobacteria;c__Actinobacteria;o__Candidatus_Actinomarinales;f__Candidatus_Actinomarinaceae	66	0	25	11	29	26	19
sk__Bacteria;k__;p__Actinobacteria;c__Actinobacteria;o__Candidatus_Actinomarinales;f__Candidatus_Actinomarinaceae;g__Candidatus_Actinomarina	849	913	2390	2002	1128	1207	1349
sk__Bacteria;k__;p__Actinobacteria;c__Actinobacteria;o__Corynebacteriales;f__Corynebacteriaceae	0	18	0	0	0	0	0
sk__Bacteria;k__;p__Actinobacteria;c__Actinobacteria;o__Corynebacteriales;f__Corynebacteriaceae;g__Corynebacterium	0	10	0	0	0	0	0
sk__Bacteria;k__;p__Actinobacteria;c__Actinobacteria;o__Micrococcales	2	5	2	2	5	0	0
sk__Bacteria;k__;p__Actinobacteria;c__Actinobacteria;o__Micrococcales;f__Brevibacteriaceae;g__Brevibacterium	1	0	0	0	0	0	0
sk__Bacteria;k__;p__Actinobacteria;c__Actinobacteria;o__Micrococcales;f__Dermabacteraceae	0	2	0	0	0	0	0
sk__Bacteria;k__;p__Actinobacteria;c__Actinobacteria;o__Micrococcales;f__Dermabacteraceae;g__Brachybacterium	1	20	0	0	0	0	0
sk__Bacteria;k__;p__Actinobacteria;c__Actinobacteria;o__Micrococcales;f__Intrasporangiaceae;g__Ornithinimicrobium	0	0	2	0	0	0	0
sk__Bacteria;k__;p__Actinobacteria;c__Actinobacteria;o__Micrococcales;f__Microbacteriaceae	0	0	11	51	30	0	0
sk__Bacteria;k__;p__Actinobacteria;c__Actinobacteria;o__Micrococcales;f__Microbacteriaceae;g__Candidatus_Aquiluna	0	67	30	27	22	19	24
sk__Bacteria;k__;p__Actinobacteria;c__Actinobacteria;o__Micrococcales;f__Microbacteriaceae;g__Microbacterium	8	0	1	0	0	0	0
sk__Bacteria;k__;p__Actinobacteria;c__Actinobacteria;o__Micrococcales;f__Micrococcaceae	0	0	2	0	0	0	0
sk__Bacteria;k__;p__Actinobacteria;c__Actinobacteria;o__Micrococcales;f__Micrococcaceae;g__Rothia	0	2	0	0	0	0	0
sk__Bacteria;k__;p__Actinobacteria;c__Actinobacteria;o__Propionibacteriales;f__Nocardioidaceae	0	0	1	0	0	0	0
sk__Bacteria;k__;p__Actinobacteria;c__Actinobacteria;o__Propionibacteriales;f__Nocardioidaceae;g__Nocardioides	0	12	0	0	0	0	0
sk__Bacteria;k__;p__Actinobacteria;c__Actinobacteria;o__Propionibacteriales;f__Propionibacteriaceae	0	78	1	1	0	0	0
sk__Bacteria;k__;p__Actinobacteria;c__Actinobacteria;o__Propionibacteriales;f__Propionibacteriaceae;g__Cutibacterium	0	46	1	0	0	0	0
sk__Bacteria;k__;p__Actinobacteria;c__Actinobacteria;o__Sporichthyales	0	0	0	0	1	0	0
sk__Bacteria;k__;p__Actinobacteria;c__Actinobacteria;o__Sporichthyales;f__Sporichthyaceae	0	0	0	1	0	0	0
sk__Bacteria;k__;p__Actinobacteria;c__Rubrobacteria;o__Gaiellales	0	0	1	0	0	0	0
sk__Bacteria;k__;p__Aquificae;c__Aquificae;o__Aquificales;f__Aquificaceae	0	0	0	0	1	0	0
sk__Bacteria;k__;p__Bacteroidetes	358	1	14	8	7	11	5
sk__Bacteria;k__;p__Bacteroidetes;c__;o__Bacteroidetes_Order_II._Incertae_sedis	0	0	0	0	0	0	2
sk__Bacteria;k__;p__Bacteroidetes;c__Bacteroidia	1	0	23	8	15	9	5
sk__Bacteria;k__;p__Bacteroidetes;c__Bacteroidia;o__Bacteroidales	0	0	2	1	4	0	0
sk__Bacteria;k__;p__Bacteroidetes;c__Bacteroidia;o__Bacteroidales;f__Lentimicrobiaceae	0	0	0	1	1	0	0
sk__Bacteria;k__;p__Bacteroidetes;c__Bacteroidia;o__Bacteroidales;f__Rikenellaceae	0	0	1	0	0	0	0
sk__Bacteria;k__;p__Bacteroidetes;c__Bacteroidia;o__Marinilabiliales	0	0	1	0	0	1	0
sk__Bacteria;k__;p__Bacteroidetes;c__Bacteroidia;o__Marinilabiliales;f__Marinifilaceae	0	0	1	0	0	0	0
sk__Bacteria;k__;p__Bacteroidetes;c__Bacteroidia;o__Marinilabiliales;f__Prolixibacteraceae;g__Roseimarinus	0	0	0	0	0	1	0
sk__Bacteria;k__;p__Bacteroidetes;c__Chitinophagia;o__Chitinophagales	0	0	1	1	0	4	6
sk__Bacteria;k__;p__Bacteroidetes;c__Chitinophagia;o__Chitinophagales;f__Chitinophagaceae	0	0	0	0	0	0	1
sk__Bacteria;k__;p__Bacteroidetes;c__Chitinophagia;o__Chitinophagales;f__Chitinophagaceae;g__Dinghuibacter	0	0	2	0	0	0	0
sk__Bacteria;k__;p__Bacteroidetes;c__Chitinophagia;o__Chitinophagales;f__Chitinophagaceae;g__Sediminibacterium	0	0	4	21	0	0	0
sk__Bacteria;k__;p__Bacteroidetes;c__Cytophagia	1	0	0	0	0	0	0
sk__Bacteria;k__;p__Bacteroidetes;c__Cytophagia;o__Cytophagales	19	0	18	4	7	12	1
sk__Bacteria;k__;p__Bacteroidetes;c__Cytophagia;o__Cytophagales;f__Amoebophilaceae;g__Candidatus_Amoebophilus	0	0	0	0	1	2	0
sk__Bacteria;k__;p__Bacteroidetes;c__Cytophagia;o__Cytophagales;f__Cytophagaceae	9	0	8	1	7	12	4
sk__Bacteria;k__;p__Bacteroidetes;c__Cytophagia;o__Cytophagales;f__Cytophagaceae;g__Ekhidna	0	0	2	2	0	0	0
sk__Bacteria;k__;p__Bacteroidetes;c__Cytophagia;o__Cytophagales;f__Cytophagaceae;g__Fibrisoma	0	0	0	1	0	0	0
sk__Bacteria;k__;p__Bacteroidetes;c__Cytophagia;o__Cytophagales;f__Cytophagaceae;g__Marinoscillum	161	322	260	66	93	169	47
sk__Bacteria;k__;p__Bacteroidetes;c__Cytophagia;o__Cytophagales;f__Cytophagaceae;g__Marinoscillum;s__Marinoscillum_pacificum	0	0	3	0	0	0	0
sk__Bacteria;k__;p__Bacteroidetes;c__Cytophagia;o__Cytophagales;f__Cytophagaceae;g__Spirosoma	0	0	1	0	0	0	0
sk__Bacteria;k__;p__Bacteroidetes;c__Cytophagia;o__Cytophagales;f__Flammeovirgaceae	1	0	2	1	0	0	0
sk__Bacteria;k__;p__Bacteroidetes;c__Cytophagia;o__Cytophagales;f__Flammeovirgaceae;g__;s__Flammeovirgaceae_bacterium_EF2C-B566	0	0	0	0	0	1	0
sk__Bacteria;k__;p__Bacteroidetes;c__Cytophagia;o__Cytophagales;f__Flammeovirgaceae;g__Fabibacter	0	0	1	0	0	0	0
sk__Bacteria;k__;p__Bacteroidetes;c__Cytophagia;o__Cytophagales;f__Flammeovirgaceae;g__Fabibacter;s__Fabibacter_pacificus	0	0	1	1	0	0	0
sk__Bacteria;k__;p__Bacteroidetes;c__Cytophagia;o__Cytophagales;f__Flammeovirgaceae;g__Marivirga	2	0	0	0	0	0	0
sk__Bacteria;k__;p__Bacteroidetes;c__Cytophagia;o__Cytophagales;f__Hymenobacteraceae	0	0	2	0	0	0	0
sk__Bacteria;k__;p__Bacteroidetes;c__Cytophagia;o__Cytophagales;f__Hymenobacteraceae;g__Hymenobacter	0	0	1	0	0	0	0
sk__Bacteria;k__;p__Bacteroidetes;c__Flavobacteriia	1	0	1	4	3	1	1
sk__Bacteria;k__;p__Bacteroidetes;c__Flavobacteriia;o__Flavobacteriales	381	155	353	191	150	259	110
sk__Bacteria;k__;p__Bacteroidetes;c__Flavobacteriia;o__Flavobacteriales;f__Crocinitomicaceae	1	0	0	0	0	2	0
sk__Bacteria;k__;p__Bacteroidetes;c__Flavobacteriia;o__Flavobacteriales;f__Crocinitomicaceae;g__Crocinitomix	1	0	0	0	0	1	0
sk__Bacteria;k__;p__Bacteroidetes;c__Flavobacteriia;o__Flavobacteriales;f__Crocinitomicaceae;g__Fluviicola	0	0	0	2	6	32	8
sk__Bacteria;k__;p__Bacteroidetes;c__Flavobacteriia;o__Flavobacteriales;f__Cryomorphaceae	47	375	316	45	70	51	70
sk__Bacteria;k__;p__Bacteroidetes;c__Flavobacteriia;o__Flavobacteriales;f__Cryomorphaceae;g__Owenweeksia	1	2	6	1	0	0	0
sk__Bacteria;k__;p__Bacteroidetes;c__Flavobacteriia;o__Flavobacteriales;f__Flavobacteriaceae	858	2006	7001	1017	1791	2279	1020
sk__Bacteria;k__;p__Bacteroidetes;c__Flavobacteriia;o__Flavobacteriales;f__Flavobacteriaceae;g__Aequorivita	1	0	0	0	0	0	0
sk__Bacteria;k__;p__Bacteroidetes;c__Flavobacteriia;o__Flavobacteriales;f__Flavobacteriaceae;g__Aequorivita;s__Aequorivita_sp._HC6-5	1	0	0	0	0	0	0
sk__Bacteria;k__;p__Bacteroidetes;c__Flavobacteriia;o__Flavobacteriales;f__Flavobacteriaceae;g__Algibacter;s__Algibacter_lectus	0	0	0	0	0	0	1
sk__Bacteria;k__;p__Bacteroidetes;c__Flavobacteriia;o__Flavobacteriales;f__Flavobacteriaceae;g__Arcticiflavibacter	0	0	1	0	0	1	0
sk__Bacteria;k__;p__Bacteroidetes;c__Flavobacteriia;o__Flavobacteriales;f__Flavobacteriaceae;g__Aurantivirga	0	0	0	2	0	0	4
sk__Bacteria;k__;p__Bacteroidetes;c__Flavobacteriia;o__Flavobacteriales;f__Flavobacteriaceae;g__Capnocytophaga	0	0	1	0	0	0	0
sk__Bacteria;k__;p__Bacteroidetes;c__Flavobacteriia;o__Flavobacteriales;f__Flavobacteriaceae;g__Dokdonia	0	0	0	0	0	5	0
sk__Bacteria;k__;p__Bacteroidetes;c__Flavobacteriia;o__Flavobacteriales;f__Flavobacteriaceae;g__Flavicella	0	0	0	1	0	0	0
sk__Bacteria;k__;p__Bacteroidetes;c__Flavobacteriia;o__Flavobacteriales;f__Flavobacteriaceae;g__Flavobacterium	0	15	0	0	0	1	0
sk__Bacteria;k__;p__Bacteroidetes;c__Flavobacteriia;o__Flavobacteriales;f__Flavobacteriaceae;g__Formosa	0	13	58	1	14	9	7
sk__Bacteria;k__;p__Bacteroidetes;c__Flavobacteriia;o__Flavobacteriales;f__Flavobacteriaceae;g__Gramella	0	0	0	4	2	0	0
sk__Bacteria;k__;p__Bacteroidetes;c__Flavobacteriia;o__Flavobacteriales;f__Flavobacteriaceae;g__Leeuwenhoekiella	0	0	0	1	0	0	0
sk__Bacteria;k__;p__Bacteroidetes;c__Flavobacteriia;o__Flavobacteriales;f__Flavobacteriaceae;g__Leeuwenhoekiella;s__Leeuwenhoekiella_blandensis	0	0	0	1	2	0	0
sk__Bacteria;k__;p__Bacteroidetes;c__Flavobacteriia;o__Flavobacteriales;f__Flavobacteriaceae;g__Leeuwenhoekiella;s__Leeuwenhoekiella_sp._N51(2010)	2	0	0	0	0	0	0
sk__Bacteria;k__;p__Bacteroidetes;c__Flavobacteriia;o__Flavobacteriales;f__Flavobacteriaceae;g__Lutibacter;s__Lutibacter_flavus	0	0	0	0	0	0	1
sk__Bacteria;k__;p__Bacteroidetes;c__Flavobacteriia;o__Flavobacteriales;f__Flavobacteriaceae;g__Maribacter	0	0	0	0	0	2	1
sk__Bacteria;k__;p__Bacteroidetes;c__Flavobacteriia;o__Flavobacteriales;f__Flavobacteriaceae;g__Maribacter;s__Maribacter_sp._SCS500m-1	0	0	0	0	0	0	1
sk__Bacteria;k__;p__Bacteroidetes;c__Flavobacteriia;o__Flavobacteriales;f__Flavobacteriaceae;g__Marixanthomonas	6	0	0	0	0	0	0
sk__Bacteria;k__;p__Bacteroidetes;c__Flavobacteriia;o__Flavobacteriales;f__Flavobacteriaceae;g__Mesonia	0	0	2	0	0	1	0
sk__Bacteria;k__;p__Bacteroidetes;c__Flavobacteriia;o__Flavobacteriales;f__Flavobacteriaceae;g__Muricauda	0	0	5	0	0	0	0
sk__Bacteria;k__;p__Bacteroidetes;c__Flavobacteriia;o__Flavobacteriales;f__Flavobacteriaceae;g__Polaribacter	0	0	0	0	0	2	0
sk__Bacteria;k__;p__Bacteroidetes;c__Flavobacteriia;o__Flavobacteriales;f__Flavobacteriaceae;g__Pseudofulvibacter	0	0	0	0	0	1	0
sk__Bacteria;k__;p__Bacteroidetes;c__Flavobacteriia;o__Flavobacteriales;f__Flavobacteriaceae;g__Salegentibacter	0	0	0	0	0	2	0
sk__Bacteria;k__;p__Bacteroidetes;c__Flavobacteriia;o__Flavobacteriales;f__Flavobacteriaceae;g__Tenacibaculum	0	1	0	0	0	6	0
sk__Bacteria;k__;p__Bacteroidetes;c__Flavobacteriia;o__Flavobacteriales;f__Flavobacteriaceae;g__Tenacibaculum;s__Tenacibaculum_sp._SC-29	0	0	2	0	0	3	0
sk__Bacteria;k__;p__Bacteroidetes;c__Flavobacteriia;o__Flavobacteriales;f__Flavobacteriaceae;g__Winogradskyella	1	0	0	0	1	0	0
sk__Bacteria;k__;p__Bacteroidetes;c__Flavobacteriia;o__Flavobacteriales;f__Flavobacteriaceae;g__Zeaxanthinibacter	0	0	0	0	0	3	0
sk__Bacteria;k__;p__Bacteroidetes;c__Flavobacteriia;o__Flavobacteriales;f__Flavobacteriaceae;g__Zunongwangia	1	0	3	0	0	0	0
sk__Bacteria;k__;p__Bacteroidetes;c__Saprospiria;o__Saprospirales	0	0	0	0	0	0	1
sk__Bacteria;k__;p__Bacteroidetes;c__Saprospiria;o__Saprospirales;f__Haliscomenobacteraceae;g__Phaeodactylibacter	0	0	0	1	0	0	0
sk__Bacteria;k__;p__Bacteroidetes;c__Saprospiria;o__Saprospirales;f__Lewinellaceae	1	0	0	0	0	0	0
sk__Bacteria;k__;p__Bacteroidetes;c__Saprospiria;o__Saprospirales;f__Lewinellaceae;g__Lewinella	0	0	0	0	0	1	0
sk__Bacteria;k__;p__Bacteroidetes;c__Saprospiria;o__Saprospirales;f__Saprospiraceae	6	0	0	0	0	2	0
sk__Bacteria;k__;p__Bacteroidetes;c__Saprospiria;o__Saprospirales;f__Saprospiraceae;g__Aureispira	4	0	0	0	0	0	0
sk__Bacteria;k__;p__Bacteroidetes;c__Sphingobacteriia;o__Sphingobacteriales	0	9	46	17	11	2	3
sk__Bacteria;k__;p__Bacteroidetes;c__Sphingobacteriia;o__Sphingobacteriales;f__Sphingobacteriaceae;g__Sphingobacterium	0	0	2	0	0	0	0
sk__Bacteria;k__;p__Balneolaeota;c__Balneolia;o__Balneolales	0	0	32	0	16	13	2
sk__Bacteria;k__;p__Balneolaeota;c__Balneolia;o__Balneolales;f__Balneolaceae	0	0	95	14	63	4	2
sk__Bacteria;k__;p__Balneolaeota;c__Balneolia;o__Balneolales;f__Balneolaceae;g__Balneola	0	91	481	22	118	82	37
sk__Bacteria;k__;p__Calditrichaeota;c__Calditrichae;o__Calditrichales	0	0	1	0	0	0	0
sk__Bacteria;k__;p__Candidatus_Campbellbacteria	0	1	0	0	0	0	0
sk__Bacteria;k__;p__Candidatus_Gracilibacteria	0	0	0	0	0	0	1
sk__Bacteria;k__;p__Candidatus_Kaiserbacteria	0	89	46	0	0	0	0
sk__Bacteria;k__;p__Candidatus_Komeilibacteria	0	0	1	1	0	0	0
sk__Bacteria;k__;p__Candidatus_Magasanikbacteria	2	0	0	0	0	0	0
sk__Bacteria;k__;p__Candidatus_Margulisbacteria	3	3	3	0	0	0	0
sk__Bacteria;k__;p__Candidatus_Margulisbacteria;c__Candidatus_Riflemargulisbacteria	0	0	0	0	0	0	1
sk__Bacteria;k__;p__Candidatus_Marinimicrobia	552	217	443	111	154	191	66
sk__Bacteria;k__;p__Candidatus_Marinimicrobia;c__;o__;f__;g__;s__Marinimicrobia_bacterium_JGI_0000113-D11	10	32	21	4	1	0	2
sk__Bacteria;k__;p__Candidatus_Marinimicrobia;c__;o__;f__;g__;s__Marinimicrobia_bacterium_SCGC_AAA003-E22	81	9	0	0	0	0	0
sk__Bacteria;k__;p__Candidatus_Peregrinibacteria	12	0	0	1	0	0	1
sk__Bacteria;k__;p__Candidatus_Poribacteria	1	0	0	0	0	0	0
sk__Bacteria;k__;p__Candidatus_Shapirobacteria	0	0	0	0	1	0	0
sk__Bacteria;k__;p__Chlamydiae;c__Chlamydiia	1	0	0	0	0	0	0
sk__Bacteria;k__;p__Chlamydiae;c__Chlamydiia;o__Chlamydiales	5	0	0	0	0	0	0
sk__Bacteria;k__;p__Chlamydiae;c__Chlamydiia;o__Chlamydiales;f__Chlamydiaceae	4	0	0	0	0	0	0
sk__Bacteria;k__;p__Chlamydiae;c__Chlamydiia;o__Parachlamydiales	4	0	1	0	0	0	0
sk__Bacteria;k__;p__Chloroflexi	8	0	0	1	2	0	14
sk__Bacteria;k__;p__Chloroflexi;c__Anaerolineae	0	0	5	0	2	1	2
sk__Bacteria;k__;p__Chloroflexi;c__Anaerolineae;o__Anaerolineales	3	0	0	0	0	0	0
sk__Bacteria;k__;p__Chloroflexi;c__Anaerolineae;o__Anaerolineales;f__Anaerolineaceae	13	0	0	0	0	0	0
sk__Bacteria;k__;p__Chloroflexi;c__Dehalococcoidia	192	0	134	237	114	2	6
sk__Bacteria;k__;p__Chloroflexi;c__Thermomicrobia;o__Thermomicrobiales	0	0	1	0	0	0	0
sk__Bacteria;k__;p__Cyanobacteria	259	60	259	579	330	249	462
sk__Bacteria;k__;p__Cyanobacteria;c__;o__Chroococcales	0	3	8	4	1	1	1
sk__Bacteria;k__;p__Cyanobacteria;c__;o__Nostocales	9	66	20	21	18	2	2
sk__Bacteria;k__;p__Cyanobacteria;c__;o__Nostocales;f__Nostocaceae	0	0	0	3	0	0	0
sk__Bacteria;k__;p__Cyanobacteria;c__;o__Nostocales;f__Stigonemataceae	0	0	0	1	0	0	0
sk__Bacteria;k__;p__Cyanobacteria;c__;o__Pleurocapsales;f__Xenococcaceae	0	0	0	0	1	0	0
sk__Bacteria;k__;p__Cyanobacteria;c__;o__Synechococcales	2337	222	1391	3159	1143	864	1453
sk__Bacteria;k__;p__Cyanobacteria;c__;o__Synechococcales;f__Leptolyngbyaceae	0	0	0	0	1	0	0
sk__Bacteria;k__;p__Cyanobacteria;c__;o__Synechococcales;f__Prochloraceae	5	0	0	0	0	0	0
sk__Bacteria;k__;p__Cyanobacteria;c__;o__Synechococcales;f__Prochloraceae;g__Prochlorococcus	299	50	82	152	17	32	37
sk__Bacteria;k__;p__Cyanobacteria;c__;o__Synechococcales;f__Prochloraceae;g__Prochlorococcus;s__Prochlorococcus_marinus	0	0	0	0	0	0	2
sk__Bacteria;k__;p__Cyanobacteria;c__;o__Synechococcales;f__Synechococcaceae	0	6	74	48	56	16	5
sk__Bacteria;k__;p__Cyanobacteria;c__;o__Synechococcales;f__Synechococcaceae;g__Synechococcus	0	11	61	59	34	9	6
sk__Bacteria;k__;p__Cyanobacteria;c__;o__Synechococcales;f__Synechococcaceae;g__Synechococcus;s__Candidatus_Synechococcus_spongiarum	0	0	1	0	0	0	0
sk__Bacteria;k__;p__Cyanobacteria;c__;o__Synechococcales;f__Synechococcaceae;g__Synechococcus;s__Synechococcus_sp._CCMP839	0	0	5	1	4	2	0
sk__Bacteria;k__;p__Cyanobacteria;c__;o__Synechococcales;f__Synechococcaceae;g__Synechococcus;s__Synechococcus_sp._IOCAS0401	0	0	1	0	0	0	0
sk__Bacteria;k__;p__Cyanobacteria;c__;o__Synechococcales;f__Synechococcaceae;g__Synechococcus;s__Synechococcus_sp._PS845	0	0	0	0	0	0	1
sk__Bacteria;k__;p__Cyanobacteria;c__Gloeobacteria	0	0	0	0	1	0	0
sk__Bacteria;k__;p__Cyanobacteria;c__Gloeobacteria;o__Gloeobacterales	0	0	0	0	0	1	0
sk__Bacteria;k__;p__Deinococcus-Thermus;c__Deinococci;o__Deinococcales;f__Deinococcaceae;g__Deinococcus	0	0	1	0	0	0	0
sk__Bacteria;k__;p__Deinococcus-Thermus;c__Deinococci;o__Deinococcales;f__Deinococcaceae;g__Deinococcus;s__Deinococcus_reticulitermitis	0	0	3	0	0	0	0
sk__Bacteria;k__;p__Deinococcus-Thermus;c__Deinococci;o__Thermales;f__Thermaceae;g__Thermus	0	0	3	4	0	0	0
sk__Bacteria;k__;p__Firmicutes	1	40	3	1	0	0	0
sk__Bacteria;k__;p__Firmicutes;c__Bacilli	0	4	0	0	0	0	0
sk__Bacteria;k__;p__Firmicutes;c__Bacilli;o__Bacillales	0	29	2	0	0	0	0
sk__Bacteria;k__;p__Firmicutes;c__Bacilli;o__Bacillales;f__Bacillaceae;g__Bacillus	0	0	0	1	0	0	0
sk__Bacteria;k__;p__Firmicutes;c__Bacilli;o__Bacillales;f__Planococcaceae;g__Planococcus	0	0	0	1	0	0	0
sk__Bacteria;k__;p__Firmicutes;c__Bacilli;o__Bacillales;f__Staphylococcaceae	0	0	1	0	0	0	0
sk__Bacteria;k__;p__Firmicutes;c__Bacilli;o__Bacillales;f__Staphylococcaceae;g__Nosocomiicoccus	0	0	4	0	0	0	0
sk__Bacteria;k__;p__Firmicutes;c__Bacilli;o__Bacillales;f__Staphylococcaceae;g__Nosocomiicoccus;s__Nosocomiicoccus_massiliensis	0	0	1	0	0	0	0
sk__Bacteria;k__;p__Firmicutes;c__Bacilli;o__Bacillales;f__Staphylococcaceae;g__Staphylococcus	0	17	5	0	0	0	0
sk__Bacteria;k__;p__Firmicutes;c__Bacilli;o__Bacillales;f__Staphylococcaceae;g__Staphylococcus;s__Staphylococcus_hominis	0	3	0	0	0	0	0
sk__Bacteria;k__;p__Firmicutes;c__Bacilli;o__Lactobacillales	0	2	0	5	0	0	0
sk__Bacteria;k__;p__Firmicutes;c__Bacilli;o__Lactobacillales;f__Aerococcaceae;g__Aerococcus	0	1	0	0	0	0	0
sk__Bacteria;k__;p__Firmicutes;c__Bacilli;o__Lactobacillales;f__Carnobacteriaceae	0	6	1	9	1	0	0
sk__Bacteria;k__;p__Firmicutes;c__Bacilli;o__Lactobacillales;f__Carnobacteriaceae;g__Alkalibacterium	0	0	1	1	0	0	0
sk__Bacteria;k__;p__Firmicutes;c__Bacilli;o__Lactobacillales;f__Carnobacteriaceae;g__Marinilactibacillus	0	0	19	74	2	0	0
sk__Bacteria;k__;p__Firmicutes;c__Bacilli;o__Lactobacillales;f__Carnobacteriaceae;g__Marinilactibacillus;s__Marinilactibacillus_piezotolerans	0	0	0	1	0	0	0
sk__Bacteria;k__;p__Firmicutes;c__Bacilli;o__Lactobacillales;f__Lactobacillaceae;g__Lactobacillus	0	45	0	0	0	0	0
sk__Bacteria;k__;p__Firmicutes;c__Bacilli;o__Lactobacillales;f__Streptococcaceae;g__Streptococcus	0	61	0	0	0	0	0
sk__Bacteria;k__;p__Firmicutes;c__Clostridia	2	2	0	2	0	0	0
sk__Bacteria;k__;p__Firmicutes;c__Clostridia;o__Clostridiales	11	2	1	2	3	0	1
sk__Bacteria;k__;p__Firmicutes;c__Clostridia;o__Clostridiales;f__Clostridiales_Family_XIII._Incertae_Sedis;g__Mogibacterium	0	0	1	0	0	0	0
sk__Bacteria;k__;p__Firmicutes;c__Clostridia;o__Clostridiales;f__Hungateiclostridiaceae;g__Fastidiosipila	0	0	1	0	0	0	0
sk__Bacteria;k__;p__Firmicutes;c__Clostridia;o__Clostridiales;f__Lachnospiraceae	0	0	0	0	1	1	0
sk__Bacteria;k__;p__Firmicutes;c__Clostridia;o__Clostridiales;f__Lachnospiraceae;g__Epulopiscium	0	0	0	0	1	0	0
sk__Bacteria;k__;p__Firmicutes;c__Clostridia;o__Clostridiales;f__Ruminococcaceae	2	0	0	0	0	1	0
sk__Bacteria;k__;p__Firmicutes;c__Clostridia;o__Clostridiales;f__Syntrophomonadaceae	0	2	0	0	0	0	0
sk__Bacteria;k__;p__Firmicutes;c__Erysipelotrichia;o__Erysipelotrichales	0	0	15	0	4	0	0
sk__Bacteria;k__;p__Firmicutes;c__Negativicutes;o__Veillonellales;f__Veillonellaceae;g__Veillonella	0	16	0	0	0	0	0
sk__Bacteria;k__;p__Firmicutes;c__Tissierellia	0	0	0	0	0	1	0
sk__Bacteria;k__;p__Firmicutes;c__Tissierellia;o__Tissierellales;f__Peptoniphilaceae;g__Anaerococcus	0	45	0	0	0	0	0
sk__Bacteria;k__;p__Gemmatimonadetes;c__Gemmatimonadetes	29	0	1	1	1	0	0
sk__Bacteria;k__;p__Kiritimatiellaeota;c__Kiritimatiellae;o__Kiritimatiellales	0	0	9	1	2	3	0
sk__Bacteria;k__;p__Kiritimatiellaeota;c__Kiritimatiellae;o__Kiritimatiellales;f__Kiritimatiellaceae	1	23	289	18	34	13	3
sk__Bacteria;k__;p__Lentisphaerae;c__Oligosphaeria;o__Oligosphaerales	0	0	0	1	0	0	0
sk__Bacteria;k__;p__Nitrospinae	0	0	1	0	0	0	0
sk__Bacteria;k__;p__Nitrospinae;c__Nitrospinia;o__Nitrospinales	4	0	2	0	1	0	0
sk__Bacteria;k__;p__Nitrospinae;c__Nitrospinia;o__Nitrospinales;f__Nitrospinaceae	1	0	0	0	0	0	3
sk__Bacteria;k__;p__Nitrospinae;c__Nitrospinia;o__Nitrospinales;f__Nitrospinaceae;g__Nitrospina	0	46	1	1	0	1	0
sk__Bacteria;k__;p__Planctomycetes	1	0	7	5	2	5	27
sk__Bacteria;k__;p__Planctomycetes;c__;o__;f__;g__;s__Planctomycetes_bacterium_SCGC_AAA282-C19	3	0	0	0	0	0	0
sk__Bacteria;k__;p__Planctomycetes;c__Phycisphaerae;o__Phycisphaerales;f__Phycisphaeraceae	28	11	2	1	0	1	1
sk__Bacteria;k__;p__Planctomycetes;c__Planctomycetia;o__Pirellulales	7	0	0	2	0	1	2
sk__Bacteria;k__;p__Planctomycetes;c__Planctomycetia;o__Pirellulales;f__Lacipirellulaceae;g__Bythopirellula	30	0	0	1	0	0	0
sk__Bacteria;k__;p__Planctomycetes;c__Planctomycetia;o__Pirellulales;f__Pirellulaceae	18	5	4	101	69	9	19
sk__Bacteria;k__;p__Planctomycetes;c__Planctomycetia;o__Pirellulales;f__Pirellulaceae;g__Blastopirellula	20	0	160	67	84	55	36
sk__Bacteria;k__;p__Planctomycetes;c__Planctomycetia;o__Pirellulales;f__Pirellulaceae;g__Pirellula	2	0	0	0	0	0	0
sk__Bacteria;k__;p__Planctomycetes;c__Planctomycetia;o__Pirellulales;f__Pirellulaceae;g__Rhodopirellula	52	0	0	16	7	2	3
sk__Bacteria;k__;p__Planctomycetes;c__Planctomycetia;o__Pirellulales;f__Pirellulaceae;g__Rubripirellula	0	0	0	0	0	4	1
sk__Bacteria;k__;p__Planctomycetes;c__Planctomycetia;o__Planctomycetales	6	0	0	1	0	0	1
sk__Bacteria;k__;p__Planctomycetes;c__Planctomycetia;o__Planctomycetales;f__Planctomycetaceae	0	0	0	0	1	0	0
sk__Bacteria;k__;p__Planctomycetes;c__Planctomycetia;o__Planctomycetales;f__Planctomycetaceae;g__Rubinisphaera	2	0	0	0	0	0	0
sk__Bacteria;k__;p__Proteobacteria	16	76	148	91	154	110	68
sk__Bacteria;k__;p__Proteobacteria;c__Alphaproteobacteria	774	1744	2334	1377	1917	1593	764
sk__Bacteria;k__;p__Proteobacteria;c__Alphaproteobacteria;o__;f__;g__;s__SAR116_cluster_alpha_proteobacterium_HIMB100	0	0	2	0	0	1	0
sk__Bacteria;k__;p__Proteobacteria;c__Alphaproteobacteria;o__;f__;g__;s__alpha_proteobacterium_GMD21C01	0	0	0	1	0	0	0
sk__Bacteria;k__;p__Proteobacteria;c__Alphaproteobacteria;o__;f__;g__;s__alpha_proteobacterium_IMCC14465	0	2	2	0	0	1	0
sk__Bacteria;k__;p__Proteobacteria;c__Alphaproteobacteria;o__;f__;g__;s__alpha_proteobacterium_SCGC_AB-629-F11	0	0	0	1	0	0	1
sk__Bacteria;k__;p__Proteobacteria;c__Alphaproteobacteria;o__;f__;g__Candidatus_Puniceispirillum	1	0	13	9	24	31	6
sk__Bacteria;k__;p__Proteobacteria;c__Alphaproteobacteria;o__;f__;g__Candidatus_Puniceispirillum;s__Candidatus_Puniceispirillum_marinum	0	0	3	10	5	3	3
sk__Bacteria;k__;p__Proteobacteria;c__Alphaproteobacteria;o__;f__;g__Polymorphum	0	0	0	0	1	0	0
sk__Bacteria;k__;p__Proteobacteria;c__Alphaproteobacteria;o__Caulobacterales	0	0	0	0	1	0	0
sk__Bacteria;k__;p__Proteobacteria;c__Alphaproteobacteria;o__Caulobacterales;f__Caulobacteraceae	0	0	0	0	0	1	0
sk__Bacteria;k__;p__Proteobacteria;c__Alphaproteobacteria;o__Caulobacterales;f__Caulobacteraceae;g__Brevundimonas	0	8	0	0	0	0	0
sk__Bacteria;k__;p__Proteobacteria;c__Alphaproteobacteria;o__Caulobacterales;f__Caulobacteraceae;g__Caulobacter	1	0	0	0	0	0	0
sk__Bacteria;k__;p__Proteobacteria;c__Alphaproteobacteria;o__Caulobacterales;f__Caulobacteraceae;g__Phenylobacterium	0	0	4	0	0	0	0
sk__Bacteria;k__;p__Proteobacteria;c__Alphaproteobacteria;o__Holosporales	1	0	0	0	0	0	1
sk__Bacteria;k__;p__Proteobacteria;c__Alphaproteobacteria;o__Holosporales;f__Holosporaceae	0	0	5	0	0	0	0
sk__Bacteria;k__;p__Proteobacteria;c__Alphaproteobacteria;o__Kiloniellales	0	0	0	0	2	0	0
sk__Bacteria;k__;p__Proteobacteria;c__Alphaproteobacteria;o__Kiloniellales;f__Kiloniellaceae	0	2	5	0	1	0	0
sk__Bacteria;k__;p__Proteobacteria;c__Alphaproteobacteria;o__Kordiimonadales	1	0	0	1	1	0	0
sk__Bacteria;k__;p__Proteobacteria;c__Alphaproteobacteria;o__Kordiimonadales;f__Kordiimonadaceae	0	0	1	0	0	0	0
sk__Bacteria;k__;p__Proteobacteria;c__Alphaproteobacteria;o__Kordiimonadales;f__Kordiimonadaceae;g__Kordiimonas	0	0	0	0	0	0	1
sk__Bacteria;k__;p__Proteobacteria;c__Alphaproteobacteria;o__Magnetococcales	0	0	1	1	2	1	1
sk__Bacteria;k__;p__Proteobacteria;c__Alphaproteobacteria;o__Magnetococcales;f__Magnetococcaceae	0	0	0	1	5	0	0
sk__Bacteria;k__;p__Proteobacteria;c__Alphaproteobacteria;o__Magnetococcales;f__Magnetococcaceae;g__Magnetococcus	0	0	0	0	2	1	0
sk__Bacteria;k__;p__Proteobacteria;c__Alphaproteobacteria;o__Parvularculales;f__Parvularculaceae	0	0	0	0	3	0	1
sk__Bacteria;k__;p__Proteobacteria;c__Alphaproteobacteria;o__Pelagibacterales	5313	18428	33330	11371	19329	17328	11898
sk__Bacteria;k__;p__Proteobacteria;c__Alphaproteobacteria;o__Pelagibacterales;f__Pelagibacteraceae	6	6	28	8	12	5	2
sk__Bacteria;k__;p__Proteobacteria;c__Alphaproteobacteria;o__Pelagibacterales;f__Pelagibacteraceae;g__;s__SAR11_cluster_bacterium_PRT-SC02	8	6	30	3	3	2	1
sk__Bacteria;k__;p__Proteobacteria;c__Alphaproteobacteria;o__Pelagibacterales;f__Pelagibacteraceae;g__;s__alpha_proteobacterium_HIMB114	0	0	89	2	23	10	0
sk__Bacteria;k__;p__Proteobacteria;c__Alphaproteobacteria;o__Pelagibacterales;f__Pelagibacteraceae;g__Candidatus_Pelagibacter	0	0	4	0	0	0	0
sk__Bacteria;k__;p__Proteobacteria;c__Alphaproteobacteria;o__Pelagibacterales;f__Pelagibacteraceae;g__Candidatus_Pelagibacter;s__Candidatus_Pelagibacter_ubique	2	45	350	39	222	98	26
sk__Bacteria;k__;p__Proteobacteria;c__Alphaproteobacteria;o__Rhizobiales	17	47	6	11	10	3	7
sk__Bacteria;k__;p__Proteobacteria;c__Alphaproteobacteria;o__Rhizobiales;f__;g__Bauldia	0	0	0	0	1	0	0
sk__Bacteria;k__;p__Proteobacteria;c__Alphaproteobacteria;o__Rhizobiales;f__Aurantimonadaceae	2	0	0	0	0	0	0
sk__Bacteria;k__;p__Proteobacteria;c__Alphaproteobacteria;o__Rhizobiales;f__Beijerinckiaceae	0	0	1	0	0	0	0
sk__Bacteria;k__;p__Proteobacteria;c__Alphaproteobacteria;o__Rhizobiales;f__Bradyrhizobiaceae	0	0	1	0	0	0	0
sk__Bacteria;k__;p__Proteobacteria;c__Alphaproteobacteria;o__Rhizobiales;f__Cohaesibacteraceae	1	0	0	2	0	0	0
sk__Bacteria;k__;p__Proteobacteria;c__Alphaproteobacteria;o__Rhizobiales;f__Cohaesibacteraceae;g__Cohaesibacter	0	0	2	3	6	0	0
sk__Bacteria;k__;p__Proteobacteria;c__Alphaproteobacteria;o__Rhizobiales;f__Hyphomicrobiaceae	0	0	0	0	3	0	1
sk__Bacteria;k__;p__Proteobacteria;c__Alphaproteobacteria;o__Rhizobiales;f__Hyphomicrobiaceae;g__Devosia	1	0	0	0	0	0	0
sk__Bacteria;k__;p__Proteobacteria;c__Alphaproteobacteria;o__Rhizobiales;f__Methylobacteriaceae	0	0	0	2	0	0	0
sk__Bacteria;k__;p__Proteobacteria;c__Alphaproteobacteria;o__Rhizobiales;f__Methylobacteriaceae;g__Methylobacterium	0	0	8	17	0	0	0
sk__Bacteria;k__;p__Proteobacteria;c__Alphaproteobacteria;o__Rhizobiales;f__Methylobacteriaceae;g__Methylobacterium;s__Methylobacterium_sp._SKJH-15	0	0	1	0	0	0	0
sk__Bacteria;k__;p__Proteobacteria;c__Alphaproteobacteria;o__Rhizobiales;f__Methylocystaceae	0	0	1	0	0	1	0
sk__Bacteria;k__;p__Proteobacteria;c__Alphaproteobacteria;o__Rhizobiales;f__Methylocystaceae;g__Terasakiella	0	0	0	1	0	1	0
sk__Bacteria;k__;p__Proteobacteria;c__Alphaproteobacteria;o__Rhizobiales;f__Phyllobacteriaceae	8	3	1	0	1	1	1
sk__Bacteria;k__;p__Proteobacteria;c__Alphaproteobacteria;o__Rhizobiales;f__Phyllobacteriaceae;g__Lentilitoribacter	0	0	0	1	0	0	0
sk__Bacteria;k__;p__Proteobacteria;c__Alphaproteobacteria;o__Rhizobiales;f__Phyllobacteriaceae;g__Nitratireductor	0	0	4	0	0	0	0
sk__Bacteria;k__;p__Proteobacteria;c__Alphaproteobacteria;o__Rhizobiales;f__Phyllobacteriaceae;g__Nitratireductor;s__Nitratireductor_sp._H19-05	0	0	0	1	5	1	0
sk__Bacteria;k__;p__Proteobacteria;c__Alphaproteobacteria;o__Rhizobiales;f__Phyllobacteriaceae;g__Roseitalea	1	0	0	0	0	0	0
sk__Bacteria;k__;p__Proteobacteria;c__Alphaproteobacteria;o__Rhizobiales;f__Rhizobiaceae	3	0	1	0	0	1	0
sk__Bacteria;k__;p__Proteobacteria;c__Alphaproteobacteria;o__Rhizobiales;f__Rhodobiaceae	0	0	0	0	0	1	0
sk__Bacteria;k__;p__Proteobacteria;c__Alphaproteobacteria;o__Rhizobiales;f__Rhodobiaceae;g__Anderseniella	0	0	0	0	0	1	0
sk__Bacteria;k__;p__Proteobacteria;c__Alphaproteobacteria;o__Rhizobiales;f__Xanthobacteraceae	0	0	0	0	1	0	0
sk__Bacteria;k__;p__Proteobacteria;c__Alphaproteobacteria;o__Rhodobacterales	37	16	93	84	115	38	22
sk__Bacteria;k__;p__Proteobacteria;c__Alphaproteobacteria;o__Rhodobacterales;f__Hyphomonadaceae	6	0	38	13	15	20	14
sk__Bacteria;k__;p__Proteobacteria;c__Alphaproteobacteria;o__Rhodobacterales;f__Hyphomonadaceae;g__Algimonas	0	0	0	0	0	1	0
sk__Bacteria;k__;p__Proteobacteria;c__Alphaproteobacteria;o__Rhodobacterales;f__Hyphomonadaceae;g__Hellea	0	0	0	0	0	0	1
sk__Bacteria;k__;p__Proteobacteria;c__Alphaproteobacteria;o__Rhodobacterales;f__Hyphomonadaceae;g__Hyphomonas	4	0	0	2	2	3	0
sk__Bacteria;k__;p__Proteobacteria;c__Alphaproteobacteria;o__Rhodobacterales;f__Hyphomonadaceae;g__Oceanicaulis	0	0	0	1	0	2	0
sk__Bacteria;k__;p__Proteobacteria;c__Alphaproteobacteria;o__Rhodobacterales;f__Hyphomonadaceae;g__Ponticaulis	4	0	0	0	0	4	0
sk__Bacteria;k__;p__Proteobacteria;c__Alphaproteobacteria;o__Rhodobacterales;f__Hyphomonadaceae;g__Ponticaulis;s__Ponticaulis_koreensis	0	0	0	0	0	7	0
sk__Bacteria;k__;p__Proteobacteria;c__Alphaproteobacteria;o__Rhodobacterales;f__Hyphomonadaceae;g__Robiginitomaculum	0	0	1	0	0	2	0
sk__Bacteria;k__;p__Proteobacteria;c__Alphaproteobacteria;o__Rhodobacterales;f__Rhodobacteraceae	590	604	1643	904	1531	1570	977
sk__Bacteria;k__;p__Proteobacteria;c__Alphaproteobacteria;o__Rhodobacterales;f__Rhodobacteraceae;g__Actibacterium	0	0	0	1	0	0	3
sk__Bacteria;k__;p__Proteobacteria;c__Alphaproteobacteria;o__Rhodobacterales;f__Rhodobacteraceae;g__Aestuariivita	0	0	0	0	2	0	0
sk__Bacteria;k__;p__Proteobacteria;c__Alphaproteobacteria;o__Rhodobacterales;f__Rhodobacteraceae;g__Amylibacter	0	0	51	35	71	96	115
sk__Bacteria;k__;p__Proteobacteria;c__Alphaproteobacteria;o__Rhodobacterales;f__Rhodobacteraceae;g__Ascidiaceihabitans	0	16	51	101	133	49	72
sk__Bacteria;k__;p__Proteobacteria;c__Alphaproteobacteria;o__Rhodobacterales;f__Rhodobacteraceae;g__Boseongicola	0	0	0	0	0	1	1
sk__Bacteria;k__;p__Proteobacteria;c__Alphaproteobacteria;o__Rhodobacterales;f__Rhodobacteraceae;g__Celeribacter;s__Celeribacter_halophilus	0	0	1	0	0	0	0
sk__Bacteria;k__;p__Proteobacteria;c__Alphaproteobacteria;o__Rhodobacterales;f__Rhodobacteraceae;g__Jannaschia	0	0	0	0	0	1	0
sk__Bacteria;k__;p__Proteobacteria;c__Alphaproteobacteria;o__Rhodobacterales;f__Rhodobacteraceae;g__Lentibacter	0	0	0	0	0	0	6
sk__Bacteria;k__;p__Proteobacteria;c__Alphaproteobacteria;o__Rhodobacterales;f__Rhodobacteraceae;g__Loktanella	0	0	1	6	0	1	8
sk__Bacteria;k__;p__Proteobacteria;c__Alphaproteobacteria;o__Rhodobacterales;f__Rhodobacteraceae;g__Paracoccus	0	0	5	0	0	0	1
sk__Bacteria;k__;p__Proteobacteria;c__Alphaproteobacteria;o__Rhodobacterales;f__Rhodobacteraceae;g__Planktomarina	0	0	1	4	2	10	28
sk__Bacteria;k__;p__Proteobacteria;c__Alphaproteobacteria;o__Rhodobacterales;f__Rhodobacteraceae;g__Roseobacter	0	9	47	82	136	46	67
sk__Bacteria;k__;p__Proteobacteria;c__Alphaproteobacteria;o__Rhodobacterales;f__Rhodobacteraceae;g__Roseobacter;s__Roseobacter_sp._3008	0	0	0	1	0	0	0
sk__Bacteria;k__;p__Proteobacteria;c__Alphaproteobacteria;o__Rhodobacterales;f__Rhodobacteraceae;g__Roseovarius	0	0	0	1	3	2	2
sk__Bacteria;k__;p__Proteobacteria;c__Alphaproteobacteria;o__Rhodobacterales;f__Rhodobacteraceae;g__Silicimonas	0	0	1	0	0	0	0
sk__Bacteria;k__;p__Proteobacteria;c__Alphaproteobacteria;o__Rhodobacterales;f__Rhodobacteraceae;g__Sulfitobacter	0	0	0	3	2	12	8
sk__Bacteria;k__;p__Proteobacteria;c__Alphaproteobacteria;o__Rhodobacterales;f__Rhodobacteraceae;g__Tateyamaria	0	0	0	0	1	0	1
sk__Bacteria;k__;p__Proteobacteria;c__Alphaproteobacteria;o__Rhodospirillales	696	413	1171	1208	1124	784	355
sk__Bacteria;k__;p__Proteobacteria;c__Alphaproteobacteria;o__Rhodospirillales;f__;g__Enhydrobacter	0	0	3	83	0	0	0
sk__Bacteria;k__;p__Proteobacteria;c__Alphaproteobacteria;o__Rhodospirillales;f__;g__Reyranella	0	0	1	0	0	0	0
sk__Bacteria;k__;p__Proteobacteria;c__Alphaproteobacteria;o__Rhodospirillales;f__Rhodospirillaceae	3	0	1	5	4	15	3
sk__Bacteria;k__;p__Proteobacteria;c__Alphaproteobacteria;o__Rhodospirillales;f__Rhodospirillaceae;g__Magnetospira	3	0	0	2	0	1	1
sk__Bacteria;k__;p__Proteobacteria;c__Alphaproteobacteria;o__Rhodospirillales;f__Rhodospirillaceae;g__Nisaea	0	0	0	0	0	1	0
sk__Bacteria;k__;p__Proteobacteria;c__Alphaproteobacteria;o__Rhodospirillales;f__Rhodospirillaceae;g__Pelagibius	0	0	0	0	0	1	0
sk__Bacteria;k__;p__Proteobacteria;c__Alphaproteobacteria;o__Rhodospirillales;f__Rhodospirillaceae;g__Thalassospira	7	0	0	6	1	4	4
sk__Bacteria;k__;p__Proteobacteria;c__Alphaproteobacteria;o__Rhodospirillales;f__Rhodospirillaceae;g__Varunaivibrio	1	0	0	0	0	0	0
sk__Bacteria;k__;p__Proteobacteria;c__Alphaproteobacteria;o__Rickettsiales	106	214	248	87	277	284	72
sk__Bacteria;k__;p__Proteobacteria;c__Alphaproteobacteria;o__Rickettsiales;f__Rickettsiaceae	2	28	4	3	7	0	3
sk__Bacteria;k__;p__Proteobacteria;c__Alphaproteobacteria;o__Rickettsiales;f__Rickettsiaceae;g__Candidatus_Cryptoprodotis	2	0	0	0	0	0	0
sk__Bacteria;k__;p__Proteobacteria;c__Alphaproteobacteria;o__Rickettsiales;f__Rickettsiaceae;g__Candidatus_Megaira	1	0	6	0	0	0	0
sk__Bacteria;k__;p__Proteobacteria;c__Alphaproteobacteria;o__Sneathiellales	0	0	1	1	0	1	0
sk__Bacteria;k__;p__Proteobacteria;c__Alphaproteobacteria;o__Sneathiellales;f__Sneathiellaceae	3	0	10	8	5	4	0
sk__Bacteria;k__;p__Proteobacteria;c__Alphaproteobacteria;o__Sneathiellales;f__Sneathiellaceae;g__Sneathiella	0	0	0	0	0	3	2
sk__Bacteria;k__;p__Proteobacteria;c__Alphaproteobacteria;o__Sphingomonadales	67	12	4	1	8	6	3
sk__Bacteria;k__;p__Proteobacteria;c__Alphaproteobacteria;o__Sphingomonadales;f__Erythrobacteraceae	10	2	10	11	32	13	3
sk__Bacteria;k__;p__Proteobacteria;c__Alphaproteobacteria;o__Sphingomonadales;f__Erythrobacteraceae;g__Altererythrobacter	0	0	22	27	35	17	5
sk__Bacteria;k__;p__Proteobacteria;c__Alphaproteobacteria;o__Sphingomonadales;f__Erythrobacteraceae;g__Erythrobacter	0	0	0	0	0	0	1
sk__Bacteria;k__;p__Proteobacteria;c__Alphaproteobacteria;o__Sphingomonadales;f__Sphingomonadaceae	1	105	7	3	0	3	1
sk__Bacteria;k__;p__Proteobacteria;c__Alphaproteobacteria;o__Sphingomonadales;f__Sphingomonadaceae;g__Pacificimonas	2	0	0	0	0	0	0
sk__Bacteria;k__;p__Proteobacteria;c__Alphaproteobacteria;o__Sphingomonadales;f__Sphingomonadaceae;g__Sphingobium	0	4	0	0	0	0	0
sk__Bacteria;k__;p__Proteobacteria;c__Alphaproteobacteria;o__Sphingomonadales;f__Sphingomonadaceae;g__Sphingomonas	0	2	2	1	0	0	0
sk__Bacteria;k__;p__Proteobacteria;c__Alphaproteobacteria;o__Sphingomonadales;f__Sphingomonadaceae;g__Sphingorhabdus	0	0	0	0	0	0	3
sk__Bacteria;k__;p__Proteobacteria;c__Betaproteobacteria	2	44	4	2	5	1	0
sk__Bacteria;k__;p__Proteobacteria;c__Betaproteobacteria;o__Burkholderiales	2	2	14	12	11	7	13
sk__Bacteria;k__;p__Proteobacteria;c__Betaproteobacteria;o__Burkholderiales;f__;g__Paucibacter	0	0	0	1	0	0	0
sk__Bacteria;k__;p__Proteobacteria;c__Betaproteobacteria;o__Burkholderiales;f__Burkholderiaceae	29	37	187	34	86	46	21
sk__Bacteria;k__;p__Proteobacteria;c__Betaproteobacteria;o__Burkholderiales;f__Burkholderiaceae;g__Burkholderia;s__Burkholderia_cenocepacia	0	0	0	0	1	0	0
sk__Bacteria;k__;p__Proteobacteria;c__Betaproteobacteria;o__Burkholderiales;f__Burkholderiaceae;g__Limnobacter	0	0	0	0	0	1	0
sk__Bacteria;k__;p__Proteobacteria;c__Betaproteobacteria;o__Burkholderiales;f__Burkholderiaceae;g__Ralstonia	1	0	0	0	0	0	0
sk__Bacteria;k__;p__Proteobacteria;c__Betaproteobacteria;o__Burkholderiales;f__Comamonadaceae	0	2	1	4	0	0	0
sk__Bacteria;k__;p__Proteobacteria;c__Betaproteobacteria;o__Burkholderiales;f__Comamonadaceae;g__Delftia	0	0	0	4	0	0	0
sk__Bacteria;k__;p__Proteobacteria;c__Betaproteobacteria;o__Burkholderiales;f__Comamonadaceae;g__Pelomonas	0	2	0	0	0	0	0
sk__Bacteria;k__;p__Proteobacteria;c__Betaproteobacteria;o__Burkholderiales;f__Oxalobacteraceae	0	0	1	6	0	0	0
sk__Bacteria;k__;p__Proteobacteria;c__Betaproteobacteria;o__Burkholderiales;f__Oxalobacteraceae;g__Massilia	0	0	0	2	0	0	0
sk__Bacteria;k__;p__Proteobacteria;c__Betaproteobacteria;o__Nitrosomonadales	2	1	228	226	100	56	81
sk__Bacteria;k__;p__Proteobacteria;c__Betaproteobacteria;o__Nitrosomonadales;f__Nitrosomonadaceae	9	0	2	11	9	1	4
sk__Bacteria;k__;p__Proteobacteria;c__Deltaproteobacteria	491	238	506	191	267	31	27
sk__Bacteria;k__;p__Proteobacteria;c__Deltaproteobacteria;o__;f__;g__;s__SAR324_cluster_bacterium_JCVI-SC_AAA005	0	8	2	3	1	1	0
sk__Bacteria;k__;p__Proteobacteria;c__Deltaproteobacteria;o__;f__;g__;s__SAR324_cluster_bacterium_lautmerah10	3	0	0	0	1	0	0
sk__Bacteria;k__;p__Proteobacteria;c__Deltaproteobacteria;o__Bradymonadales	0	0	1	0	1	1	0
sk__Bacteria;k__;p__Proteobacteria;c__Deltaproteobacteria;o__Desulfarculales;f__Desulfarculaceae	2	0	0	0	0	0	0
sk__Bacteria;k__;p__Proteobacteria;c__Deltaproteobacteria;o__Desulfobacterales	10	0	0	3	1	0	0
sk__Bacteria;k__;p__Proteobacteria;c__Deltaproteobacteria;o__Desulfobacterales;f__Desulfobulbaceae	0	0	1	1	0	0	0
sk__Bacteria;k__;p__Proteobacteria;c__Deltaproteobacteria;o__Myxococcales	24	0	1	1	2	4	1
sk__Bacteria;k__;p__Proteobacteria;c__Deltaproteobacteria;o__Myxococcales;f__Kofleriaceae;g__Haliangium	1	0	0	0	0	0	0
sk__Bacteria;k__;p__Proteobacteria;c__Deltaproteobacteria;o__Myxococcales;f__Phaselicystidaceae;g__Phaselicystis	0	0	1	0	0	0	0
sk__Bacteria;k__;p__Proteobacteria;c__Deltaproteobacteria;o__Myxococcales;f__Sandaracinaceae	2	0	0	0	1	0	0
sk__Bacteria;k__;p__Proteobacteria;c__Deltaproteobacteria;o__Syntrophobacterales	0	0	0	1	0	0	0
sk__Bacteria;k__;p__Proteobacteria;c__Epsilonproteobacteria	0	0	0	0	0	0	1
sk__Bacteria;k__;p__Proteobacteria;c__Epsilonproteobacteria;o__Campylobacterales;f__Helicobacteraceae	0	0	1	0	0	0	0
sk__Bacteria;k__;p__Proteobacteria;c__Epsilonproteobacteria;o__Campylobacterales;f__Helicobacteraceae;g__Sulfurimonas	0	0	1	0	0	0	0
sk__Bacteria;k__;p__Proteobacteria;c__Gammaproteobacteria	838	3520	7513	4075	2873	2814	1656
sk__Bacteria;k__;p__Proteobacteria;c__Gammaproteobacteria;o__;f__;g__;s__sulfur-oxidizing_bacterium_NDII1.2	0	0	0	0	1	0	0
sk__Bacteria;k__;p__Proteobacteria;c__Gammaproteobacteria;o__;f__;g__Pseudohongiella	131	0	17	46	87	11	19
sk__Bacteria;k__;p__Proteobacteria;c__Gammaproteobacteria;o__Acidiferrobacterales;f__Acidiferrobacteraceae	0	0	1	0	0	0	0
sk__Bacteria;k__;p__Proteobacteria;c__Gammaproteobacteria;o__Aeromonadales	0	1	0	0	0	0	0
sk__Bacteria;k__;p__Proteobacteria;c__Gammaproteobacteria;o__Aeromonadales;f__Aeromonadaceae	0	0	0	1	0	0	2
sk__Bacteria;k__;p__Proteobacteria;c__Gammaproteobacteria;o__Aeromonadales;f__Aeromonadaceae;g__Aeromonas	0	0	0	1	0	0	0
sk__Bacteria;k__;p__Proteobacteria;c__Gammaproteobacteria;o__Alteromonadales	42	0	10	70	98	59	78
sk__Bacteria;k__;p__Proteobacteria;c__Gammaproteobacteria;o__Alteromonadales;f__;g__Aestuariicella	0	0	0	0	1	0	0
sk__Bacteria;k__;p__Proteobacteria;c__Gammaproteobacteria;o__Alteromonadales;f__Alteromonadaceae	306	1	74	35	44	105	323
sk__Bacteria;k__;p__Proteobacteria;c__Gammaproteobacteria;o__Alteromonadales;f__Alteromonadaceae;g__Aestuariibacter	0	0	0	2	0	1	10
sk__Bacteria;k__;p__Proteobacteria;c__Gammaproteobacteria;o__Alteromonadales;f__Alteromonadaceae;g__Aestuariibacter;s__Aestuariibacter_halophilus	0	0	0	0	0	1	0
sk__Bacteria;k__;p__Proteobacteria;c__Gammaproteobacteria;o__Alteromonadales;f__Alteromonadaceae;g__Aliiglaciecola;s__Aliiglaciecola_lipolytica	0	0	0	0	0	0	1
sk__Bacteria;k__;p__Proteobacteria;c__Gammaproteobacteria;o__Alteromonadales;f__Alteromonadaceae;g__Alteromonas	56	3	16	55	36	53	578
sk__Bacteria;k__;p__Proteobacteria;c__Gammaproteobacteria;o__Alteromonadales;f__Alteromonadaceae;g__Alteromonas;s__Alteromonas_macleodii	147	0	0	0	0	0	0
sk__Bacteria;k__;p__Proteobacteria;c__Gammaproteobacteria;o__Alteromonadales;f__Alteromonadaceae;g__Alteromonas;s__Alteromonas_mediterranea	0	0	0	0	0	0	19
sk__Bacteria;k__;p__Proteobacteria;c__Gammaproteobacteria;o__Alteromonadales;f__Alteromonadaceae;g__Alteromonas;s__Alteromonas_sp._S146	0	0	0	0	0	0	4
sk__Bacteria;k__;p__Proteobacteria;c__Gammaproteobacteria;o__Alteromonadales;f__Alteromonadaceae;g__Glaciecola	0	0	0	2	0	0	0
sk__Bacteria;k__;p__Proteobacteria;c__Gammaproteobacteria;o__Alteromonadales;f__Alteromonadaceae;g__Marinobacter	1	2	2	18	7	8	4
sk__Bacteria;k__;p__Proteobacteria;c__Gammaproteobacteria;o__Alteromonadales;f__Alteromonadaceae;g__Paraglaciecola	4	0	0	0	0	0	0
sk__Bacteria;k__;p__Proteobacteria;c__Gammaproteobacteria;o__Alteromonadales;f__Alteromonadaceae;g__Salinimonas	0	0	0	2	0	1	0
sk__Bacteria;k__;p__Proteobacteria;c__Gammaproteobacteria;o__Alteromonadales;f__Colwelliaceae	0	0	0	0	0	1	0
sk__Bacteria;k__;p__Proteobacteria;c__Gammaproteobacteria;o__Alteromonadales;f__Idiomarinaceae	2	0	0	1	0	8	3
sk__Bacteria;k__;p__Proteobacteria;c__Gammaproteobacteria;o__Alteromonadales;f__Idiomarinaceae;g__Idiomarina	7	0	3	6	0	5	1
sk__Bacteria;k__;p__Proteobacteria;c__Gammaproteobacteria;o__Alteromonadales;f__Pseudoalteromonadaceae	0	0	0	13	25	4	4
sk__Bacteria;k__;p__Proteobacteria;c__Gammaproteobacteria;o__Alteromonadales;f__Pseudoalteromonadaceae;g__Pseudoalteromonas	0	0	2	128	157	10	2
sk__Bacteria;k__;p__Proteobacteria;c__Gammaproteobacteria;o__Alteromonadales;f__Shewanellaceae	1	0	0	0	0	0	0
sk__Bacteria;k__;p__Proteobacteria;c__Gammaproteobacteria;o__Arenicellales	0	0	0	0	0	1	0
sk__Bacteria;k__;p__Proteobacteria;c__Gammaproteobacteria;o__Arenicellales;f__Arenicellaceae	0	0	1	4	4	0	4
sk__Bacteria;k__;p__Proteobacteria;c__Gammaproteobacteria;o__Cardiobacteriales	0	0	0	0	1	0	0
sk__Bacteria;k__;p__Proteobacteria;c__Gammaproteobacteria;o__Cellvibrionales	14	16	21	11	19	10	4
sk__Bacteria;k__;p__Proteobacteria;c__Gammaproteobacteria;o__Cellvibrionales;f__Cellvibrionaceae	0	1	1	0	0	0	0
sk__Bacteria;k__;p__Proteobacteria;c__Gammaproteobacteria;o__Cellvibrionales;f__Cellvibrionaceae;g__Marinimicrobium	0	1	0	0	0	0	0
sk__Bacteria;k__;p__Proteobacteria;c__Gammaproteobacteria;o__Cellvibrionales;f__Halieaceae	35	53	266	153	239	121	78
sk__Bacteria;k__;p__Proteobacteria;c__Gammaproteobacteria;o__Cellvibrionales;f__Halieaceae;g__Halioglobus	0	0	3	0	0	0	0
sk__Bacteria;k__;p__Proteobacteria;c__Gammaproteobacteria;o__Cellvibrionales;f__Halieaceae;g__Luminiphilus	0	1	24	21	19	6	11
sk__Bacteria;k__;p__Proteobacteria;c__Gammaproteobacteria;o__Cellvibrionales;f__Halieaceae;g__Parahaliea	3	0	2	2	3	1	0
sk__Bacteria;k__;p__Proteobacteria;c__Gammaproteobacteria;o__Cellvibrionales;f__Microbulbiferaceae	0	0	0	0	1	0	0
sk__Bacteria;k__;p__Proteobacteria;c__Gammaproteobacteria;o__Cellvibrionales;f__Porticoccaceae	15	63	283	113	155	36	20
sk__Bacteria;k__;p__Proteobacteria;c__Gammaproteobacteria;o__Cellvibrionales;f__Porticoccaceae;g__Porticoccus	0	0	0	5	1	0	7
sk__Bacteria;k__;p__Proteobacteria;c__Gammaproteobacteria;o__Cellvibrionales;f__Spongiibacteraceae	5	0	11	1	2	1	2
sk__Bacteria;k__;p__Proteobacteria;c__Gammaproteobacteria;o__Chromatiales	5	0	5	1	9	2	3
sk__Bacteria;k__;p__Proteobacteria;c__Gammaproteobacteria;o__Chromatiales;f__Chromatiaceae	0	0	3	0	2	0	0
sk__Bacteria;k__;p__Proteobacteria;c__Gammaproteobacteria;o__Chromatiales;f__Chromatiaceae;g__Candidatus_Tenderia	0	0	67	0	15	3	2
sk__Bacteria;k__;p__Proteobacteria;c__Gammaproteobacteria;o__Chromatiales;f__Chromatiaceae;g__Rheinheimera	0	0	1	0	0	0	0
sk__Bacteria;k__;p__Proteobacteria;c__Gammaproteobacteria;o__Chromatiales;f__Ectothiorhodospiraceae	30	70	137	89	62	102	126
sk__Bacteria;k__;p__Proteobacteria;c__Gammaproteobacteria;o__Chromatiales;f__Ectothiorhodospiraceae;g__Inmirania	0	0	1	0	0	1	0
sk__Bacteria;k__;p__Proteobacteria;c__Gammaproteobacteria;o__Chromatiales;f__Woeseiaceae;g__Woeseia	2	0	0	31	12	1	10
sk__Bacteria;k__;p__Proteobacteria;c__Gammaproteobacteria;o__Enterobacterales	0	0	2	0	0	0	0
sk__Bacteria;k__;p__Proteobacteria;c__Gammaproteobacteria;o__Enterobacterales;f__Enterobacteriaceae	0	0	2	0	0	0	1
sk__Bacteria;k__;p__Proteobacteria;c__Gammaproteobacteria;o__Enterobacterales;f__Enterobacteriaceae;g__Salmonella	0	0	0	1	0	0	0
sk__Bacteria;k__;p__Proteobacteria;c__Gammaproteobacteria;o__Enterobacterales;f__Erwiniaceae;g__Pantoea	0	0	2	0	0	0	0
sk__Bacteria;k__;p__Proteobacteria;c__Gammaproteobacteria;o__Legionellales	10	0	9	1	5	1	1
sk__Bacteria;k__;p__Proteobacteria;c__Gammaproteobacteria;o__Legionellales;f__Coxiellaceae	7	0	19	2	2	0	0
sk__Bacteria;k__;p__Proteobacteria;c__Gammaproteobacteria;o__Legionellales;f__Coxiellaceae;g__Coxiella	37	0	80	14	34	33	7
sk__Bacteria;k__;p__Proteobacteria;c__Gammaproteobacteria;o__Legionellales;f__Legionellaceae	3	0	7	1	8	1	2
sk__Bacteria;k__;p__Proteobacteria;c__Gammaproteobacteria;o__Legionellales;f__Legionellaceae;g__Legionella	24	0	8	0	0	0	0
sk__Bacteria;k__;p__Proteobacteria;c__Gammaproteobacteria;o__Methylococcales	0	0	1	3	1	1	1
sk__Bacteria;k__;p__Proteobacteria;c__Gammaproteobacteria;o__Oceanospirillales	9	2	17	4	15	8	10
sk__Bacteria;k__;p__Proteobacteria;c__Gammaproteobacteria;o__Oceanospirillales;f__Alcanivoracaceae	1	0	0	0	0	0	2
sk__Bacteria;k__;p__Proteobacteria;c__Gammaproteobacteria;o__Oceanospirillales;f__Alcanivoracaceae;g__Alcanivorax	6	0	0	0	0	0	2
sk__Bacteria;k__;p__Proteobacteria;c__Gammaproteobacteria;o__Oceanospirillales;f__Halomonadaceae	7	0	3	9	8	3	0
sk__Bacteria;k__;p__Proteobacteria;c__Gammaproteobacteria;o__Oceanospirillales;f__Halomonadaceae;g__Chromohalobacter	0	0	0	0	0	0	1
sk__Bacteria;k__;p__Proteobacteria;c__Gammaproteobacteria;o__Oceanospirillales;f__Halomonadaceae;g__Cobetia	0	0	0	0	1	0	0
sk__Bacteria;k__;p__Proteobacteria;c__Gammaproteobacteria;o__Oceanospirillales;f__Halomonadaceae;g__Halomonas	6	0	3	7	10	4	1
sk__Bacteria;k__;p__Proteobacteria;c__Gammaproteobacteria;o__Oceanospirillales;f__Litoricolaceae	0	0	5	0	9	2	0
sk__Bacteria;k__;p__Proteobacteria;c__Gammaproteobacteria;o__Oceanospirillales;f__Litoricolaceae;g__Litoricola	0	21	122	36	96	24	6
sk__Bacteria;k__;p__Proteobacteria;c__Gammaproteobacteria;o__Oceanospirillales;f__Oceanospirillaceae	16	0	16	2	4	7	2
sk__Bacteria;k__;p__Proteobacteria;c__Gammaproteobacteria;o__Oceanospirillales;f__Oceanospirillaceae;g__Marinobacterium	1	0	0	0	0	0	1
sk__Bacteria;k__;p__Proteobacteria;c__Gammaproteobacteria;o__Oceanospirillales;f__Oceanospirillaceae;g__Marinomonas	0	0	2	0	1	0	2
sk__Bacteria;k__;p__Proteobacteria;c__Gammaproteobacteria;o__Oceanospirillales;f__Oceanospirillaceae;g__Oceanobacter	0	132	522	347	98	157	22
sk__Bacteria;k__;p__Proteobacteria;c__Gammaproteobacteria;o__Oceanospirillales;f__Oceanospirillaceae;g__Oleibacter	0	92	125	0	1	28	4
sk__Bacteria;k__;p__Proteobacteria;c__Gammaproteobacteria;o__Oceanospirillales;f__Oceanospirillaceae;g__Thalassolituus	0	0	0	0	0	1	0
sk__Bacteria;k__;p__Proteobacteria;c__Gammaproteobacteria;o__Oceanospirillales;f__Oleiphilaceae;g__Oleiphilus	0	0	0	4	0	0	0
sk__Bacteria;k__;p__Proteobacteria;c__Gammaproteobacteria;o__Oceanospirillales;f__Saccharospirillaceae	0	0	0	0	0	0	1
sk__Bacteria;k__;p__Proteobacteria;c__Gammaproteobacteria;o__Pasteurellales;f__Pasteurellaceae;g__Haemophilus	0	78	0	0	0	0	0
sk__Bacteria;k__;p__Proteobacteria;c__Gammaproteobacteria;o__Pseudomonadales	0	0	58	12	39	28	1
sk__Bacteria;k__;p__Proteobacteria;c__Gammaproteobacteria;o__Pseudomonadales;f__Moraxellaceae	1	1	88	45	68	46	1
sk__Bacteria;k__;p__Proteobacteria;c__Gammaproteobacteria;o__Pseudomonadales;f__Moraxellaceae;g__Acinetobacter	1	10	196	83	169	276	156
sk__Bacteria;k__;p__Proteobacteria;c__Gammaproteobacteria;o__Pseudomonadales;f__Moraxellaceae;g__Moraxella;s__Moraxella_osloensis	0	0	0	1	0	0	0
sk__Bacteria;k__;p__Proteobacteria;c__Gammaproteobacteria;o__Pseudomonadales;f__Moraxellaceae;g__Psychrobacter	3	0	3	0	1	0	0
sk__Bacteria;k__;p__Proteobacteria;c__Gammaproteobacteria;o__Pseudomonadales;f__Pseudomonadaceae	0	0	1	6	1	1	0
sk__Bacteria;k__;p__Proteobacteria;c__Gammaproteobacteria;o__Pseudomonadales;f__Pseudomonadaceae;g__Pseudomonas	7	5	20	65	1	3	0
sk__Bacteria;k__;p__Proteobacteria;c__Gammaproteobacteria;o__Pseudomonadales;f__Pseudomonadaceae;g__Pseudomonas;s__Pseudomonas_fluorescens	0	0	5	2	0	0	0
sk__Bacteria;k__;p__Proteobacteria;c__Gammaproteobacteria;o__Pseudomonadales;f__Pseudomonadaceae;g__Pseudomonas;s__Pseudomonas_oleovorans	0	0	1	1	0	0	0
sk__Bacteria;k__;p__Proteobacteria;c__Gammaproteobacteria;o__Pseudomonadales;f__Pseudomonadaceae;g__Pseudomonas;s__Pseudomonas_sp._R21-1	0	1	0	0	0	0	0
sk__Bacteria;k__;p__Proteobacteria;c__Gammaproteobacteria;o__Salinisphaerales	1	0	6	1	3	2	0
sk__Bacteria;k__;p__Proteobacteria;c__Gammaproteobacteria;o__Salinisphaerales;f__Salinisphaeraceae	4	0	2	0	3	0	0
sk__Bacteria;k__;p__Proteobacteria;c__Gammaproteobacteria;o__Salinisphaerales;f__Salinisphaeraceae;g__Salinisphaera	7	0	0	1	2	0	0
sk__Bacteria;k__;p__Proteobacteria;c__Gammaproteobacteria;o__Thiotrichales	5	0	18	6	11	6	0
sk__Bacteria;k__;p__Proteobacteria;c__Gammaproteobacteria;o__Thiotrichales;f__;g__Candidatus_Endoecteinascidia	7	0	30	3	8	1	1
sk__Bacteria;k__;p__Proteobacteria;c__Gammaproteobacteria;o__Thiotrichales;f__Francisellaceae	2	0	3	0	0	0	0
sk__Bacteria;k__;p__Proteobacteria;c__Gammaproteobacteria;o__Thiotrichales;f__Francisellaceae;g__Francisella	0	0	0	0	0	1	0
sk__Bacteria;k__;p__Proteobacteria;c__Gammaproteobacteria;o__Thiotrichales;f__Piscirickettsiaceae	0	0	0	0	1	0	0
sk__Bacteria;k__;p__Proteobacteria;c__Gammaproteobacteria;o__Thiotrichales;f__Thiotrichaceae	40	257	155	74	65	64	62
sk__Bacteria;k__;p__Proteobacteria;c__Gammaproteobacteria;o__Thiotrichales;f__Thiotrichaceae;g__Cocleimonas	0	0	0	0	1	0	0
sk__Bacteria;k__;p__Proteobacteria;c__Gammaproteobacteria;o__Vibrionales	0	0	1	1	1	1	0
sk__Bacteria;k__;p__Proteobacteria;c__Gammaproteobacteria;o__Vibrionales;f__Vibrionaceae	2	0	7	4	0	6	7
sk__Bacteria;k__;p__Proteobacteria;c__Gammaproteobacteria;o__Vibrionales;f__Vibrionaceae;g__Catenococcus	0	0	0	4	7	1	0
sk__Bacteria;k__;p__Proteobacteria;c__Gammaproteobacteria;o__Vibrionales;f__Vibrionaceae;g__Photobacterium;s__Photobacterium_leiognathi	0	0	0	0	0	1	0
sk__Bacteria;k__;p__Proteobacteria;c__Gammaproteobacteria;o__Vibrionales;f__Vibrionaceae;g__Vibrio	0	0	1	3	0	7	4
sk__Bacteria;k__;p__Proteobacteria;c__Gammaproteobacteria;o__Xanthomonadales	1	0	2	0	1	0	0
sk__Bacteria;k__;p__Proteobacteria;c__Gammaproteobacteria;o__Xanthomonadales;f__Rhodanobacteraceae	0	0	1	0	0	0	0
sk__Bacteria;k__;p__Proteobacteria;c__Gammaproteobacteria;o__Xanthomonadales;f__Xanthomonadaceae;g__Stenotrophomonas;s__Stenotrophomonas_sp._2012A	0	0	0	1	0	0	0
sk__Bacteria;k__;p__Proteobacteria;c__Oligoflexia	1	0	0	0	0	0	0
sk__Bacteria;k__;p__Proteobacteria;c__Oligoflexia;o__Bacteriovoracales	1	0	4	0	0	2	0
sk__Bacteria;k__;p__Proteobacteria;c__Oligoflexia;o__Bacteriovoracales;f__Bacteriovoracaceae	28	0	1	1	2	7	17
sk__Bacteria;k__;p__Proteobacteria;c__Oligoflexia;o__Bacteriovoracales;f__Bacteriovoracaceae;g__Bacteriovorax	1	0	0	0	0	0	0
sk__Bacteria;k__;p__Proteobacteria;c__Oligoflexia;o__Bacteriovoracales;f__Bacteriovoracaceae;g__Peredibacter	1	0	0	0	0	5	0
sk__Bacteria;k__;p__Proteobacteria;c__Oligoflexia;o__Bacteriovoracales;f__Halobacteriovoraceae	1	0	0	1	0	0	0
sk__Bacteria;k__;p__Proteobacteria;c__Oligoflexia;o__Bdellovibrionales;f__Bdellovibrionaceae	1	0	0	0	0	0	0
sk__Bacteria;k__;p__Proteobacteria;c__Oligoflexia;o__Bdellovibrionales;f__Bdellovibrionaceae;g__Bdellovibrio	0	0	0	0	0	1	0
sk__Bacteria;k__;p__Proteobacteria;c__Oligoflexia;o__Oligoflexales	15	26	7	0	3	0	1
sk__Bacteria;k__;p__Proteobacteria;c__Oligoflexia;o__Oligoflexales;f__Oligoflexaceae	87	0	23	2	3	0	0
sk__Bacteria;k__;p__Proteobacteria;c__Oligoflexia;o__Oligoflexales;f__Pseudobacteriovoracaceae;g__Pseudobacteriovorax	1	0	0	0	0	2	2
sk__Bacteria;k__;p__Proteobacteria;c__Zetaproteobacteria;o__Mariprofundales	0	0	0	0	1	0	0
sk__Bacteria;k__;p__Rhodothermaeota;c__Rhodothermia;o__Rhodothermales	1	0	0	0	0	0	0
sk__Bacteria;k__;p__Rhodothermaeota;c__Rhodothermia;o__Rhodothermales;f__Rubricoccaceae	3	0	0	0	0	0	0
sk__Bacteria;k__;p__Rhodothermaeota;c__Rhodothermia;o__Rhodothermales;f__Rubricoccaceae;g__Rubrivirga	4	0	0	0	0	0	0
sk__Bacteria;k__;p__Spirochaetes;c__Spirochaetia;o__Leptospirales;f__Leptospiraceae	0	0	0	0	0	1	1
sk__Bacteria;k__;p__Spirochaetes;c__Spirochaetia;o__Leptospirales;f__Leptospiraceae;g__Turneriella	0	0	0	0	0	0	1
sk__Bacteria;k__;p__Tenericutes;c__Mollicutes	0	0	0	0	1	0	1
sk__Bacteria;k__;p__Tenericutes;c__Mollicutes;o__Mycoplasmatales	0	0	0	1	1	0	0
sk__Bacteria;k__;p__Tenericutes;c__Mollicutes;o__Mycoplasmatales;f__Mycoplasmataceae;g__Mycoplasma	1	0	1	0	0	0	0
sk__Bacteria;k__;p__Verrucomicrobia	0	93	96	13	22	6	2
sk__Bacteria;k__;p__Verrucomicrobia;c__;o__;f__;g__;s__Verrucomicrobia_bacterium_SCGC_AAA168-E21	0	0	0	0	0	0	1
sk__Bacteria;k__;p__Verrucomicrobia;c__;o__;f__;g__Lentimonas	0	2	41	6	8	3	1
sk__Bacteria;k__;p__Verrucomicrobia;c__Opitutae;o__Puniceicoccales	1	0	10	1	3	1	1
sk__Bacteria;k__;p__Verrucomicrobia;c__Opitutae;o__Puniceicoccales;f__Puniceicoccaceae	6	74	150	70	93	72	29
sk__Bacteria;k__;p__Verrucomicrobia;c__Opitutae;o__Puniceicoccales;f__Puniceicoccaceae;g__Cerasicoccus	0	0	0	3	0	0	0
sk__Bacteria;k__;p__Verrucomicrobia;c__Opitutae;o__Puniceicoccales;f__Puniceicoccaceae;g__Coraliomargarita	0	24	156	10	8	18	1
sk__Bacteria;k__;p__Verrucomicrobia;c__Opitutae;o__Puniceicoccales;f__Puniceicoccaceae;g__Pelagicoccus	2	0	0	2	0	0	1
sk__Bacteria;k__;p__Verrucomicrobia;c__Verrucomicrobiae	44	0	4	36	3	0	4
sk__Bacteria;k__;p__Verrucomicrobia;c__Verrucomicrobiae;o__Verrucomicrobiales	7	0	0	6	2	1	3
sk__Bacteria;k__;p__Verrucomicrobia;c__Verrucomicrobiae;o__Verrucomicrobiales;f__Verrucomicrobiaceae	1	0	0	0	0	0	0
sk__Bacteria;k__;p__Verrucomicrobia;c__Verrucomicrobiae;o__Verrucomicrobiales;f__Verrucomicrobiaceae;g__Roseibacillus	3	0	0	1	1	0	6
sk__Eukaryota	5	0	0	0	0	0	0
sk__Eukaryota;k__;p__;c__;o__Sticholonchida	1	0	0	0	0	0	0
sk__Eukaryota;k__;p__;c__Choanoflagellata;o__Craspedida;f__Salpingoecidae;g__Monosiga	2	0	0	0	0	0	0
sk__Eukaryota;k__;p__;c__Dinophyceae	3	0	0	0	0	0	0
sk__Eukaryota;k__;p__;c__Dinophyceae;o__Suessiales;f__Suessiaceae	1	0	0	0	0	0	0
sk__Eukaryota;k__;p__;c__Dinophyceae;o__Syndiniales	18	0	0	0	0	0	0
sk__Eukaryota;k__;p__;c__Dinophyceae;o__Syndiniales;f__Amoebophryaceae;g__Amoebophrya	2	0	0	0	0	0	0
sk__Eukaryota;k__;p__;c__Pelagophyceae	2	0	0	0	0	0	0
sk__Eukaryota;k__;p__;c__Polycystinea;o__Collodaria;f__Collozoidae;g__Cladococcus	1	0	0	0	0	0	0
sk__Eukaryota;k__;p__;c__Polycystinea;o__Spumellaria	3	0	0	0	0	0	0
sk__Eukaryota;k__;p__Bacillariophyta	1	0	0	0	0	0	0
sk__Eukaryota;k__Metazoa;p__Arthropoda;c__Malacostraca	0	1	0	0	0	0	0
sk__Eukaryota;k__Metazoa;p__Chordata;c__Appendicularia;o__Copelata	1	0	0	0	0	0	0
sk__Eukaryota;k__Viridiplantae	2	0	0	0	0	0	0
