#SampleID	SRR15678350	SRR15678360	SRR15678370	SRR15678380	SRR15678390	SRR15678351	SRR15678361	SRR15678371	SRR15678381	SRR15678391	SRR15678352	SRR15678362	SRR15678372	SRR15678382	SRR15678392	SRR15678353	SRR15678363	SRR15678373	SRR15678383	SRR15678393	SRR15678354	SRR15678364	SRR15678374	SRR15678384	SRR15678394	SRR15678355	SRR15678365	SRR15678375	SRR15678385	SRR15678395	SRR15678346	SRR15678356	SRR15678366	SRR15678376	SRR15678386	SRR15678396	SRR15678347	SRR15678357	SRR15678367	SRR15678377	SRR15678387	SRR15678397	SRR15678348	SRR15678358	SRR15678368	SRR15678378	SRR15678388	SRR15678349	SRR15678359	SRR15678369	SRR15678379	SRR15678389
sk__Archaea;k__;p__Euryarchaeota;c__Candidatus_Poseidoniia	0	0	0	0	0	0	0	0	0	0	0	0	0	0	0	0	0	0	0	0	0	0	0	0	0	0	0	0	0	0	0	0	0	0	35	0	0	0	0	0	0	0	0	0	0	0	0	0	0	0	0	0
sk__Archaea;k__;p__Euryarchaeota;c__Thermoplasmata	0	0	0	0	1	0	0	0	0	0	0	7	0	0	11	0	0	0	0	0	0	0	0	0	0	0	0	0	0	0	1	0	0	0	0	0	0	0	0	0	0	0	0	0	0	0	0	0	0	0	0	1
sk__Archaea;k__;p__Thaumarchaeota	44	2888	32	458	12775	53	3999	51	172	201	71	2987	1085	1339	269	1186	181	97	17611	0	3542	359	828	1612	137	3	3	194	4983	329	11999	626	41	3238	418	13700	22778	1804	226	3982	292	137	402	440	2391	2	1040	1321	98	804	3604	4978
sk__Archaea;k__;p__Thaumarchaeota;c__;o__;f__;g__;s__Thaumarchaeota_archaeon_SCGC_AAA282-K18	0	0	0	0	0	0	0	0	0	0	0	0	0	0	0	0	0	0	0	0	0	0	0	0	0	0	0	0	0	0	0	0	1	0	0	0	0	0	0	0	0	0	0	0	0	0	0	0	0	0	0	0
sk__Archaea;k__;p__Thaumarchaeota;c__;o__;f__;g__Candidatus_Nitrosopelagicus	0	0	0	0	3	0	0	0	0	0	0	0	0	0	0	0	0	0	2	0	0	0	0	0	0	0	0	0	0	0	0	0	0	0	0	0	4	0	0	0	0	0	0	0	0	0	0	0	0	0	0	0
sk__Archaea;k__;p__Thaumarchaeota;c__;o__Nitrosopumilales;f__Nitrosopumilaceae	7	5	0	50	21	0	2	5	23	1	32	0	257	0	39	0	17	22	5	0	3	0	11	34	17	0	0	0	65	43	94	0	25	38	289	3	8	1	0	1	71	0	0	94	13	0	109	12	11	0	747	21
sk__Archaea;k__;p__Thaumarchaeota;c__;o__Nitrosopumilales;f__Nitrosopumilaceae;g__Nitrosopumilus	0	0	0	0	1	0	1	0	0	0	0	3	2	0	0	1	0	0	0	0	1	0	1	0	0	0	0	0	1	0	4	0	0	0	1	5	11	1	0	0	0	0	0	1	0	0	1	0	0	0	0	0
sk__Bacteria	7	19	0	4	18	4	1	0	17	0	6	0	5	1	5	6	2	0	7	5	1	0	6	0	2	0	0	2	14	3	25	0	11	2	1	1	31	0	2	5	15	0	0	6	1	0	6	0	2	0	7	3
sk__Bacteria;k__;p__Acidobacteria	0	0	0	0	0	0	1	0	0	0	0	0	0	0	0	0	0	0	0	0	0	0	0	0	0	0	0	0	0	0	11	0	0	0	0	0	0	0	0	0	3	0	0	0	0	0	0	0	0	0	0	2
sk__Bacteria;k__;p__Actinobacteria	0	0	0	0	0	0	1	0	0	0	0	0	0	0	0	0	0	0	0	0	0	0	0	0	0	0	0	0	0	0	0	0	0	0	0	0	0	0	0	0	0	0	0	0	0	0	0	0	0	0	0	0
sk__Bacteria;k__;p__Actinobacteria;c__Acidimicrobiia	13	0	0	3	0	0	3	0	0	0	0	1	4	0	0	0	0	1	0	3	7	0	2	0	4	0	0	0	0	0	6	0	0	1	52	0	0	0	0	0	2	0	0	34	0	0	1	0	0	0	0	0
sk__Bacteria;k__;p__Actinobacteria;c__Acidimicrobiia;o__Acidimicrobiales;f__Ilumatobacteraceae;g__Ilumatobacter	0	0	0	0	0	0	0	0	0	0	0	0	0	0	1	0	0	0	0	0	0	0	0	0	0	0	0	0	0	0	0	0	0	0	0	0	0	0	0	0	0	0	0	0	0	0	0	0	0	0	0	0
sk__Bacteria;k__;p__Armatimonadetes	0	0	0	0	0	0	0	0	0	0	0	0	0	0	0	0	0	0	0	0	0	0	0	0	0	0	0	0	0	0	0	0	0	0	0	0	0	0	0	0	0	0	0	0	0	0	2	0	0	0	0	0
sk__Bacteria;k__;p__Bacteroidetes	0	0	0	0	0	0	0	0	0	0	0	0	0	0	0	0	0	0	0	0	0	0	2	0	0	0	0	0	2	0	0	0	0	0	0	0	0	0	0	0	0	0	0	0	0	0	0	0	0	0	0	2
sk__Bacteria;k__;p__Bacteroidetes;c__Bacteroidia;o__Bacteroidales;f__Rikenellaceae	0	0	1	0	0	0	0	0	0	0	0	0	0	0	0	0	0	0	0	0	0	0	0	0	0	0	0	0	1	0	0	0	0	0	0	0	0	0	0	0	0	0	0	0	0	0	0	0	0	0	0	0
sk__Bacteria;k__;p__Bacteroidetes;c__Chitinophagia;o__Chitinophagales	3	0	0	0	0	0	0	0	0	0	0	0	0	0	0	0	0	0	0	0	0	0	0	0	0	0	0	0	0	0	0	0	0	0	0	0	0	0	0	0	0	0	0	0	0	0	0	0	0	0	0	0
sk__Bacteria;k__;p__Bacteroidetes;c__Chitinophagia;o__Chitinophagales;f__Chitinophagaceae	0	0	0	0	0	0	0	0	0	0	0	0	0	0	0	0	1	0	0	0	0	0	0	0	0	0	0	0	0	0	0	0	0	0	0	0	0	0	0	0	0	0	0	0	0	0	0	0	0	0	0	0
sk__Bacteria;k__;p__Bacteroidetes;c__Chitinophagia;o__Chitinophagales;f__Chitinophagaceae;g__Dinghuibacter	0	0	0	0	0	0	0	0	0	0	0	0	0	0	0	0	0	0	0	0	0	0	0	0	0	0	0	0	0	0	0	0	0	0	0	0	0	1	0	0	0	0	0	0	0	0	0	0	0	0	0	0
sk__Bacteria;k__;p__Bacteroidetes;c__Cytophagia;o__Cytophagales;f__Cyclobacteriaceae	0	0	0	0	0	0	0	0	0	0	0	0	1	0	0	0	0	0	0	0	0	0	1	0	0	0	0	1	0	0	0	0	0	0	0	0	0	0	0	0	0	1	2	0	0	0	0	0	0	0	0	0
sk__Bacteria;k__;p__Bacteroidetes;c__Cytophagia;o__Cytophagales;f__Cytophagaceae	0	0	0	0	0	0	0	0	0	0	0	0	0	0	0	0	0	0	0	0	0	0	0	0	0	0	0	0	0	0	0	0	0	0	0	0	1	0	0	0	0	0	0	0	0	0	0	0	0	0	0	0
sk__Bacteria;k__;p__Bacteroidetes;c__Cytophagia;o__Cytophagales;f__Cytophagaceae;g__Marinoscillum	0	1	0	0	0	5	0	0	0	0	0	0	0	0	0	0	1	0	2	0	0	0	8	0	0	0	0	0	0	3	3	0	0	1	0	0	0	0	0	0	3	0	0	0	0	0	0	0	0	0	2	2
sk__Bacteria;k__;p__Bacteroidetes;c__Flavobacteriia	0	0	0	1	0	0	0	0	0	0	0	0	0	0	0	0	0	0	0	0	0	0	0	0	0	0	0	0	0	0	0	0	0	0	0	0	0	0	0	0	0	0	0	0	0	0	0	0	0	0	0	0
sk__Bacteria;k__;p__Bacteroidetes;c__Flavobacteriia;o__Flavobacteriales	0	4	0	9	1	0	0	0	0	0	6	28	2	0	1	2	3	0	15	0	2	0	3	13	1	0	0	2	1	2	2	0	0	0	3	0	28	2	0	0	5	5	4	0	0	0	5	0	0	0	3	2
sk__Bacteria;k__;p__Bacteroidetes;c__Flavobacteriia;o__Flavobacteriales;f__Crocinitomicaceae;g__Crocinitomix	0	0	0	0	0	0	0	0	0	0	0	0	0	0	0	0	0	0	0	0	0	0	0	0	0	0	0	0	0	0	0	0	0	0	0	0	0	0	0	0	0	0	0	2	0	0	0	0	0	0	0	0
sk__Bacteria;k__;p__Bacteroidetes;c__Flavobacteriia;o__Flavobacteriales;f__Crocinitomicaceae;g__Fluviicola	0	0	0	0	0	0	0	0	0	0	0	0	0	0	0	0	0	0	0	0	0	0	0	0	0	0	0	0	0	0	0	0	0	0	1	0	0	0	0	0	0	0	0	0	0	0	0	0	0	0	0	0
sk__Bacteria;k__;p__Bacteroidetes;c__Flavobacteriia;o__Flavobacteriales;f__Cryomorphaceae	0	0	0	0	0	0	0	0	0	1	0	0	0	0	0	0	0	0	0	0	0	0	0	0	0	0	0	2	1	0	0	0	0	0	5	0	0	1	0	0	0	0	0	0	0	0	2	0	0	0	0	0
sk__Bacteria;k__;p__Bacteroidetes;c__Flavobacteriia;o__Flavobacteriales;f__Flavobacteriaceae	0	0	0	0	0	0	0	0	0	0	0	0	0	0	1	0	0	0	0	0	0	0	0	0	0	0	0	0	0	0	1	0	8	0	0	0	0	0	0	0	0	0	0	0	0	0	0	0	0	0	0	0
sk__Bacteria;k__;p__Bacteroidetes;c__Saprospiria;o__Saprospirales;f__Saprospiraceae	0	0	0	0	0	0	0	0	0	0	4	0	0	0	0	0	0	0	0	2	0	0	0	1	0	0	0	0	2	0	0	0	0	0	0	1	0	0	0	0	0	0	0	1	0	0	0	0	0	0	0	0
sk__Bacteria;k__;p__Calditrichaeota	0	0	0	0	0	0	0	0	0	0	0	0	0	0	0	0	0	0	0	0	0	0	0	0	0	0	0	0	0	0	1	0	0	0	0	0	0	0	0	0	0	0	0	0	0	0	0	0	0	0	0	0
sk__Bacteria;k__;p__Calditrichaeota;c__Calditrichae;o__Calditrichales	10	2	0	5	0	2	1	0	1	0	2	0	2	0	0	0	1	0	0	0	0	0	2	0	0	0	0	0	0	2	0	0	7	0	2	0	0	0	0	0	5	0	0	7	0	0	3	0	1	0	2	0
sk__Bacteria;k__;p__Calditrichaeota;c__Calditrichae;o__Calditrichales;f__Calditrichaceae	1	0	0	0	0	1	0	0	0	0	0	0	0	0	0	0	1	0	0	0	0	0	0	0	0	0	0	0	0	0	0	0	1	0	0	0	0	0	0	0	1	0	0	1	0	0	0	0	0	0	0	0
sk__Bacteria;k__;p__Candidatus_Margulisbacteria;c__Candidatus_Riflemargulisbacteria	0	0	0	0	0	0	0	0	0	0	0	0	0	0	0	0	0	0	0	0	0	0	0	0	0	0	0	0	0	0	2	0	0	0	0	0	0	0	0	0	0	0	0	0	0	0	0	0	0	0	0	0
sk__Bacteria;k__;p__Candidatus_Marinimicrobia	10	51	0	12	0	12	3	0	8	0	1	0	13	0	0	13	12	4	0	19	1	0	19	0	10	0	0	19	7	1	19	0	3	4	23	0	0	0	0	0	12	0	0	9	0	0	25	1	10	0	7	4
sk__Bacteria;k__;p__Candidatus_Marinimicrobia;c__;o__;f__;g__;s__Marinimicrobia_bacterium_JGI_0000113-D11	0	0	0	0	0	0	0	0	0	0	0	0	0	0	0	0	0	0	0	0	0	0	0	0	0	0	0	0	0	0	0	0	0	1	0	0	0	0	0	0	0	0	0	0	0	0	0	0	0	0	0	1
sk__Bacteria;k__;p__Candidatus_Marinimicrobia;c__;o__;f__;g__;s__Marinimicrobia_bacterium_SCGC_AAA003-E22	4	0	0	0	0	0	0	0	0	0	0	0	2	0	0	0	4	0	0	0	0	0	2	0	0	0	0	0	1	1	2	0	0	0	2	0	0	0	0	0	1	0	0	0	0	0	0	0	0	0	2	4
sk__Bacteria;k__;p__Candidatus_Marinimicrobia;c__;o__;f__;g__;s__Marinimicrobia_bacterium_SCGC_AAA003-L08	0	0	0	0	0	0	0	0	0	0	0	0	0	0	0	2	0	1	0	0	0	0	0	0	0	0	0	0	0	0	0	0	0	0	0	0	0	0	0	0	1	0	0	0	0	0	1	0	0	0	0	0
sk__Bacteria;k__;p__Candidatus_Omnitrophica	0	0	0	0	0	0	0	0	0	0	0	0	0	0	0	0	0	0	0	0	0	0	0	0	0	0	0	0	1	0	0	0	0	0	0	0	0	0	0	0	0	0	0	0	0	0	0	0	0	0	0	0
sk__Bacteria;k__;p__Candidatus_Peregrinibacteria	0	0	0	0	0	0	0	0	0	0	0	0	0	0	0	0	0	0	0	0	0	0	41	0	0	0	0	0	0	0	0	0	0	0	0	0	0	0	0	0	0	0	0	0	0	0	0	0	0	0	0	0
sk__Bacteria;k__;p__Chloroflexi	1	6	0	22	0	11	1	0	2	0	21	0	16	0	0	0	1	2	3	2	1	0	22	0	35	0	0	2	6	3	21	0	0	5	15	0	0	0	0	0	26	0	0	1	0	0	9	0	4	0	7	4
sk__Bacteria;k__;p__Chloroflexi;c__;o__;f__;g__;s__Chloroflexi_bacterium_SCGC_AB-629-P13	0	0	0	0	0	1	0	0	1	0	3	0	2	0	0	0	1	7	0	0	0	0	1	0	0	0	0	0	0	3	1	0	0	0	0	0	0	0	0	0	2	0	0	0	0	0	3	0	0	0	0	0
sk__Bacteria;k__;p__Chloroflexi;c__;o__;f__;g__;s__SAR202_cluster_bacterium_SCGC_AAA240-N13	4	45	0	16	0	3	10	0	7	0	2	0	5	1	0	18	16	6	93	1	1	0	20	0	8	0	0	86	52	23	400	0	3	51	6	0	0	0	1	0	11	0	4	80	16	0	26	1	1	0	2	96
sk__Bacteria;k__;p__Chloroflexi;c__Anaerolineae	0	0	0	0	0	0	0	0	0	0	0	0	0	0	1	0	0	0	0	9	0	0	0	0	0	0	0	0	0	0	0	0	0	0	1	0	0	0	0	0	1	0	0	0	0	0	0	0	0	0	0	0
sk__Bacteria;k__;p__Chloroflexi;c__Anaerolineae;o__Anaerolineales	15	0	0	3	0	1	0	0	1	0	14	0	2	0	0	0	0	2	0	1	0	0	0	0	4	0	0	0	0	3	0	0	7	0	9	0	0	0	0	0	7	0	0	15	0	0	0	0	3	0	1	0
sk__Bacteria;k__;p__Chloroflexi;c__Anaerolineae;o__Anaerolineales;f__Anaerolineaceae	47	2	0	70	1	19	0	3	34	0	249	0	44	0	0	16	81	24	5	20	7	0	65	0	81	0	0	5	2	16	29	3	47	1	23	0	0	0	0	0	91	0	1	224	0	0	52	1	63	0	19	11
sk__Bacteria;k__;p__Chloroflexi;c__Anaerolineae;o__Anaerolineales;f__Anaerolineaceae;g__Leptolinea	0	0	0	0	0	1	0	0	0	0	0	0	0	0	0	0	0	0	0	0	0	0	0	1	0	0	0	0	0	0	0	0	108	0	0	0	0	0	0	0	0	0	0	0	0	0	0	0	1	0	0	0
sk__Bacteria;k__;p__Chloroflexi;c__Anaerolineae;o__Anaerolineales;f__Anaerolineaceae;g__Levilinea;s__Levilinea_saccharolytica	0	0	0	0	0	0	0	0	0	0	0	0	0	0	0	0	0	0	0	0	0	0	15	0	0	0	0	0	0	0	0	0	0	0	0	0	0	0	0	0	0	0	0	0	0	0	0	0	0	0	0	0
sk__Bacteria;k__;p__Chloroflexi;c__Anaerolineae;o__Anaerolineales;f__Anaerolineaceae;g__Pelolinea	0	0	0	0	0	0	0	0	0	0	0	0	0	0	0	0	0	0	0	0	0	0	0	0	0	0	0	0	0	0	0	0	0	0	2	0	0	0	0	0	13	0	0	0	0	0	0	0	0	0	0	0
sk__Bacteria;k__;p__Chloroflexi;c__Anaerolineae;o__Anaerolineales;f__Anaerolineaceae;g__Thermomarinilinea	0	0	0	0	0	1	0	2	0	0	0	0	0	0	0	0	0	0	0	0	0	0	0	0	0	0	0	0	0	0	0	0	0	0	0	0	0	0	0	0	1	0	0	0	0	0	0	0	0	0	0	0
sk__Bacteria;k__;p__Chloroflexi;c__Ardenticatenia;o__Ardenticatenales	0	0	0	0	0	0	0	0	0	0	0	0	0	0	0	0	0	0	0	0	1	0	0	0	0	0	0	0	0	0	0	0	0	0	0	0	0	0	0	0	0	0	0	0	0	0	0	0	0	0	0	0
sk__Bacteria;k__;p__Chloroflexi;c__Caldilineae;o__Caldilineales;f__Caldilineaceae	0	0	0	0	0	0	0	0	0	0	0	0	0	0	0	0	0	0	0	0	1	0	0	0	0	0	0	0	0	0	0	0	0	0	0	0	0	0	0	0	0	0	0	0	0	0	0	0	0	0	0	0
sk__Bacteria;k__;p__Chloroflexi;c__Chloroflexia;o__Herpetosiphonales;f__Herpetosiphonaceae	0	0	0	1	0	0	0	0	0	0	0	0	0	0	0	0	0	0	0	0	0	0	3	0	0	0	0	0	0	0	0	0	0	0	0	0	0	0	0	0	0	0	0	0	0	0	0	0	0	0	2	0
sk__Bacteria;k__;p__Chloroflexi;c__Dehalococcoidia	175	167	0	157	1	50	20	0	38	0	109	0	117	6	0	32	222	59	114	264	4	0	236	0	95	0	0	135	59	124	469	0	98	68	117	0	1	1	14	0	169	0	1	658	9	0	174	1	77	0	84	118
sk__Bacteria;k__;p__Chloroflexi;c__Ktedonobacteria	0	0	0	0	0	0	0	0	0	0	0	0	4	0	0	0	0	0	0	0	0	0	0	0	0	0	0	0	0	0	0	0	0	0	0	0	0	0	0	0	0	0	0	0	0	0	0	0	0	0	0	0
sk__Bacteria;k__;p__Chloroflexi;c__Tepidiformia	0	0	0	0	0	0	0	0	0	0	0	0	0	0	0	0	0	0	0	0	0	0	0	0	0	0	0	0	0	0	0	0	0	0	0	0	0	0	0	0	1	0	0	0	0	0	0	0	0	0	0	0
sk__Bacteria;k__;p__Chloroflexi;c__Thermomicrobia;o__Thermomicrobiales	0	0	0	0	0	0	0	0	0	0	0	0	0	0	0	0	0	0	0	0	0	0	0	0	0	0	0	0	0	0	0	0	0	0	0	0	0	0	0	0	0	0	0	0	0	0	1	0	0	0	0	0
sk__Bacteria;k__;p__Cyanobacteria	0	0	0	0	0	0	0	0	0	0	0	0	0	0	2	0	0	0	0	0	0	0	0	0	0	0	0	0	0	0	0	0	0	0	0	0	0	0	0	0	0	0	0	0	0	0	0	0	0	0	0	0
sk__Bacteria;k__;p__Cyanobacteria;c__;o__Oscillatoriales	0	0	0	0	0	0	0	0	0	0	0	0	0	0	3	0	0	0	0	0	0	0	0	0	0	0	0	0	0	0	0	0	0	0	0	0	0	0	0	0	0	0	0	0	0	0	0	0	0	0	0	0
sk__Bacteria;k__;p__Cyanobacteria;c__;o__Oscillatoriales;f__Microcoleaceae	0	1	0	0	0	0	0	0	0	0	0	0	0	0	0	0	0	0	0	0	0	0	0	0	0	0	0	0	0	0	0	0	0	0	0	0	0	0	0	0	0	0	0	0	0	0	0	0	0	0	0	0
sk__Bacteria;k__;p__Cyanobacteria;c__;o__Synechococcales;f__Synechococcaceae	0	0	0	0	0	0	0	0	0	0	0	0	0	0	2	0	0	0	0	0	0	1	0	0	0	0	0	0	0	0	0	0	0	0	0	0	0	0	0	0	0	0	0	0	0	1	0	0	0	0	0	0
sk__Bacteria;k__;p__Deinococcus-Thermus;c__Deinococci;o__Deinococcales;f__Trueperaceae	0	0	0	0	0	0	0	0	0	0	0	0	0	0	0	0	0	0	0	0	0	0	0	0	0	0	0	0	0	0	0	0	0	0	0	0	0	0	0	0	1	0	0	0	0	0	0	0	0	0	0	0
sk__Bacteria;k__;p__Deinococcus-Thermus;c__Deinococci;o__Deinococcales;f__Trueperaceae;g__Truepera	0	0	0	6	0	0	0	0	2	0	0	0	34	0	0	0	0	24	0	0	0	0	14	0	4	0	0	0	0	0	0	0	0	0	0	0	0	0	0	0	19	0	0	5	0	0	0	0	0	0	0	0
sk__Bacteria;k__;p__Fibrobacteres;c__Fibrobacteria;o__Fibrobacterales	0	0	0	0	0	0	0	0	0	0	0	0	0	0	0	0	0	0	0	0	0	0	0	0	0	0	0	0	0	0	1	0	0	0	0	0	0	0	0	0	0	0	0	0	0	0	0	0	0	0	0	0
sk__Bacteria;k__;p__Firmicutes;c__Bacilli;o__Lactobacillales	0	0	0	0	0	0	0	0	0	0	0	0	0	0	0	0	0	0	0	0	0	0	0	0	0	0	0	0	0	0	0	0	0	0	0	0	0	0	0	0	0	0	0	0	0	0	1	0	0	0	0	0
sk__Bacteria;k__;p__Firmicutes;c__Clostridia;o__Clostridiales	50	0	0	0	0	1	0	0	0	0	0	0	0	0	0	2	0	1	0	0	0	0	1	0	0	0	0	0	0	0	0	0	0	0	0	0	0	0	0	0	2	0	0	0	0	0	1	0	0	0	2	0
sk__Bacteria;k__;p__Firmicutes;c__Clostridia;o__Clostridiales;f__Clostridiaceae	0	0	0	0	0	0	0	0	0	0	0	0	0	0	0	0	0	0	0	0	0	0	0	0	1	0	0	0	0	0	0	0	0	0	0	0	0	0	0	0	0	0	0	0	0	0	0	0	0	0	0	0
sk__Bacteria;k__;p__Ignavibacteriae;c__Ignavibacteria;o__Ignavibacteriales	0	0	0	0	0	0	0	0	0	0	0	0	0	0	0	1	0	0	0	0	0	0	0	0	0	0	0	0	0	0	0	0	0	0	0	0	0	0	0	0	0	0	0	0	0	0	0	0	0	0	0	0
sk__Bacteria;k__;p__Nitrospinae;c__Nitrospinia;o__Nitrospinales;f__Nitrospinaceae	0	6	0	0	2	0	4	0	0	0	0	0	0	2	0	2	0	0	2	0	0	0	1	0	0	0	0	0	9	0	4	0	0	1	3	14	8	0	1	3	0	0	0	1	10	0	0	0	0	1	0	1
sk__Bacteria;k__;p__Nitrospinae;c__Nitrospinia;o__Nitrospinales;f__Nitrospinaceae;g__Nitrospina	0	0	0	0	0	0	0	0	0	0	0	0	0	0	0	0	0	0	0	0	0	0	0	0	0	0	0	1	0	0	0	0	13	0	0	0	0	0	0	0	0	0	0	0	0	0	0	0	0	0	0	3
sk__Bacteria;k__;p__Nitrospinae;c__Nitrospinia;o__Nitrospinales;f__Nitrospinaceae;g__Nitrospina;s__Nitrospina_sp._LS_NOB	0	0	0	0	0	0	0	0	0	0	0	0	0	0	0	0	0	0	0	0	0	0	1	0	0	0	0	0	0	0	2	0	0	0	0	0	0	0	0	0	0	0	0	0	0	0	0	0	0	0	0	0
sk__Bacteria;k__;p__Planctomycetes	0	0	0	0	0	0	0	0	0	0	0	0	0	0	0	0	0	0	0	0	0	0	0	0	0	0	0	0	0	0	3	0	0	1	0	0	1	0	0	0	0	0	0	0	0	0	0	0	0	0	0	1
sk__Bacteria;k__;p__Planctomycetes;c__Planctomycetia;o__Pirellulales;f__Pirellulaceae	0	0	0	0	0	0	0	0	0	0	0	0	0	0	0	0	0	0	0	0	0	0	0	0	0	0	0	0	0	0	2	0	0	1	0	0	0	0	0	0	0	0	0	0	0	0	0	0	0	0	0	0
sk__Bacteria;k__;p__Planctomycetes;c__Planctomycetia;o__Pirellulales;f__Pirellulaceae;g__Rhodopirellula	0	0	0	0	0	11	0	0	2	0	0	0	1	0	0	1	2	0	0	0	0	0	0	0	0	0	0	0	0	0	7	0	1	0	1	0	0	0	0	0	5	0	0	0	0	0	2	0	4	0	2	0
sk__Bacteria;k__;p__Planctomycetes;c__Planctomycetia;o__Planctomycetales	0	0	0	0	0	0	0	0	0	0	0	0	0	0	0	0	0	0	0	0	0	0	0	0	0	0	0	0	0	0	1	0	0	0	0	0	0	0	0	0	0	0	0	0	0	0	0	0	0	0	0	1
sk__Bacteria;k__;p__Proteobacteria	0	1	0	0	0	0	0	0	0	0	0	0	0	0	0	0	0	0	0	0	0	0	0	0	0	0	0	0	0	0	0	0	0	0	0	0	0	0	0	0	0	0	0	0	0	0	0	0	0	0	0	1
sk__Bacteria;k__;p__Proteobacteria;c__Alphaproteobacteria	0	1	0	0	0	0	0	0	0	0	1	0	0	0	0	0	0	0	0	0	0	0	0	0	1	0	0	0	0	0	0	0	0	0	1	0	0	0	0	1	1	3	0	0	0	0	0	0	0	0	0	1
sk__Bacteria;k__;p__Proteobacteria;c__Alphaproteobacteria;o__Kiloniellales;f__Kiloniellaceae	0	0	0	0	0	0	0	0	0	0	0	0	0	0	0	0	0	4	0	0	0	0	0	0	0	0	0	0	0	0	0	0	0	0	0	0	0	0	0	0	0	0	0	0	0	0	0	0	0	0	0	0
sk__Bacteria;k__;p__Proteobacteria;c__Alphaproteobacteria;o__Pelagibacterales	11	5	0	40	49	14	8	0	34	93	0	0	68	17	194	4	35	9	59	16	1	23	11	218	36	0	3	16	9	7	16	22	8	3	125	15	142	18	3	6	49	306	69	2	5	3	72	246	1	0	21	11
sk__Bacteria;k__;p__Proteobacteria;c__Alphaproteobacteria;o__Pelagibacterales;f__Pelagibacteraceae	1	0	0	0	3	0	0	0	0	0	0	0	11	0	0	0	0	0	0	7	0	0	2	0	0	0	0	0	0	1	0	0	1	0	21	0	0	0	0	0	6	0	0	0	0	0	1	0	0	0	19	0
sk__Bacteria;k__;p__Proteobacteria;c__Alphaproteobacteria;o__Pelagibacterales;f__Pelagibacteraceae;g__;s__Pelagibacteraceae_bacterium_ETNP-OMZ-SAG-A7	0	0	0	0	0	0	0	0	0	0	0	0	0	0	0	0	0	0	0	0	0	0	0	0	0	0	0	0	0	0	0	0	0	0	1	0	0	0	0	0	0	0	0	0	0	0	0	0	0	0	2	0
sk__Bacteria;k__;p__Proteobacteria;c__Alphaproteobacteria;o__Pelagibacterales;f__Pelagibacteraceae;g__Candidatus_Pelagibacter;s__Candidatus_Pelagibacter_ubique	0	0	0	0	3	0	0	0	0	0	0	0	0	0	0	0	0	0	0	0	0	0	0	0	0	0	0	0	0	0	0	0	0	0	0	1	2	0	0	0	0	1	0	0	0	0	0	0	0	0	0	0
sk__Bacteria;k__;p__Proteobacteria;c__Alphaproteobacteria;o__Rhodospirillales	0	0	0	0	0	3	0	0	0	0	0	0	0	0	0	0	0	0	78	0	0	0	0	0	0	0	0	0	0	0	0	0	0	0	2	0	0	0	0	0	5	191	0	0	0	0	0	0	0	0	0	0
sk__Bacteria;k__;p__Proteobacteria;c__Alphaproteobacteria;o__Rickettsiales	0	0	0	0	0	0	1	0	0	0	0	0	0	0	0	0	0	0	1	0	0	0	0	4	0	0	0	0	2	0	1	0	0	0	0	0	0	0	0	0	0	0	0	0	0	0	0	0	0	0	0	5
sk__Bacteria;k__;p__Proteobacteria;c__Alphaproteobacteria;o__Sneathiellales;f__Sneathiellaceae;g__Sneathiella;s__Sneathiella_glossodoripedis	0	0	0	0	0	0	0	0	0	0	0	0	0	0	0	1	0	0	0	0	1	0	0	0	0	0	0	0	0	0	0	0	0	0	0	0	0	0	0	0	0	0	0	0	0	0	0	0	0	0	0	0
sk__Bacteria;k__;p__Proteobacteria;c__Alphaproteobacteria;o__Sphingomonadales;f__Erythrobacteraceae;g__Altererythrobacter	0	7	0	1	0	0	0	0	1	0	0	1	2	0	0	0	1	4	0	0	0	0	0	0	0	0	0	0	5	2	1	0	0	1	0	1	0	0	2	0	2	0	0	0	0	0	5	0	0	0	0	0
sk__Bacteria;k__;p__Proteobacteria;c__Deltaproteobacteria	8	2276	0	7	1117	110	2961	0	87	0	13	1053	16	3817	7	1033	39	0	2674	0	1493	543	440	38	0	1	0	331	5586	19	8664	81	30	2399	0	13261	8729	46	1320	3418	4	44	5	1	8060	0	126	14	47	51	0	2209
sk__Bacteria;k__;p__Proteobacteria;c__Deltaproteobacteria;o__;f__;g__;s__SAR324_cluster_bacterium_REDSEA-S26_B7	0	1	0	0	0	0	0	0	0	0	0	0	0	0	0	0	0	0	0	0	0	0	0	0	0	0	0	0	0	0	0	0	0	0	0	0	0	0	0	0	0	0	0	0	0	0	0	0	0	0	0	0
sk__Bacteria;k__;p__Proteobacteria;c__Deltaproteobacteria;o__;f__;g__;s__SAR324_cluster_bacterium_SCGC_AB-629-J17	0	7	0	0	17	0	14	0	0	0	0	0	0	5	0	4	0	0	10	0	3	0	1	0	0	0	0	1	9	0	45	0	0	7	0	36	29	0	1	13	0	0	0	0	9	0	2	0	0	0	0	24
sk__Bacteria;k__;p__Proteobacteria;c__Deltaproteobacteria;o__Myxococcales	0	0	0	7	1	0	0	0	4	0	1	3	2	0	0	0	5	2	0	0	0	0	37	0	3	0	0	3	2	5	6	3	0	1	0	0	2	0	0	0	6	0	0	2	0	0	7	0	4	0	0	0
sk__Bacteria;k__;p__Proteobacteria;c__Gammaproteobacteria	8	54	0	2	17	1	8	0	17	0	0	88	1	0	0	21	3	2	0	0	13	2	7	0	0	0	0	2	36	11	40	0	0	23	6	8	26	0	0	0	0	0	0	0	0	0	20	0	4	0	3	1
sk__Bacteria;k__;p__Proteobacteria;c__Gammaproteobacteria;o__;f__;g__Pseudohongiella	0	0	0	0	27	0	0	0	0	0	0	0	0	0	0	0	0	0	0	0	0	0	87	0	1	0	0	0	0	0	55	0	0	0	0	0	0	0	0	0	0	0	0	0	0	0	0	0	0	0	0	0
sk__Bacteria;k__;p__Proteobacteria;c__Gammaproteobacteria;o__Alteromonadales;f__Alteromonadaceae	0	0	0	0	0	0	0	0	0	0	0	0	0	0	0	0	0	0	0	0	0	2	0	0	5	0	0	0	0	0	0	0	0	0	0	2	0	0	0	4	0	0	49	0	0	0	0	0	0	0	0	0
sk__Bacteria;k__;p__Proteobacteria;c__Gammaproteobacteria;o__Alteromonadales;f__Pseudoalteromonadaceae	0	0	0	0	0	0	0	0	0	0	0	0	0	0	0	0	0	0	0	0	0	0	0	0	0	0	0	0	0	0	0	0	0	0	0	0	0	0	0	0	0	0	0	0	0	0	0	0	1	0	0	0
sk__Bacteria;k__;p__Proteobacteria;c__Gammaproteobacteria;o__Alteromonadales;f__Shewanellaceae;g__Shewanella	0	0	0	0	0	0	0	0	0	0	0	0	0	0	0	0	0	0	0	0	0	0	0	0	0	0	0	0	0	0	1	0	0	0	0	0	0	0	0	0	1	0	0	0	0	0	0	0	0	0	0	0
sk__Bacteria;k__;p__Proteobacteria;c__Gammaproteobacteria;o__Chromatiales	0	0	0	0	0	0	0	0	0	0	0	0	0	0	0	0	0	0	0	0	0	0	1	0	0	0	0	0	0	0	0	0	0	0	0	0	0	0	0	0	0	0	0	0	0	0	0	0	0	0	0	0
sk__Bacteria;k__;p__Proteobacteria;c__Gammaproteobacteria;o__Enterobacterales;f__Enterobacteriaceae	0	1	0	0	0	1	0	0	1	0	0	0	0	0	0	0	1	0	0	0	0	0	1	0	1	0	0	1	1	1	6	0	0	0	0	0	0	0	0	0	1	0	0	0	0	0	1	0	0	0	3	1
sk__Bacteria;k__;p__Proteobacteria;c__Gammaproteobacteria;o__Legionellales;f__Coxiellaceae;g__Coxiella	0	0	0	0	0	0	0	0	0	0	0	0	0	0	0	0	0	0	0	0	0	0	0	0	0	0	0	0	0	0	1	0	0	0	0	0	0	0	0	0	0	0	0	0	0	0	0	0	0	0	0	0
sk__Bacteria;k__;p__Spirochaetes;c__Spirochaetia;o__Spirochaetales;f__Spirochaetaceae	0	0	0	0	0	1	0	0	0	0	0	0	0	0	0	0	0	0	0	0	0	0	0	0	0	0	0	0	0	0	0	0	0	0	0	0	0	0	0	0	1	0	0	0	0	0	2	0	0	0	0	0
sk__Bacteria;k__;p__Thermotogae;c__Thermotogae;o__Thermotogales;f__Fervidobacteriaceae	0	0	0	0	0	0	0	0	0	0	0	0	1	0	0	0	0	0	0	0	0	0	0	0	0	0	0	0	0	0	0	0	0	0	0	0	0	0	0	0	0	0	0	0	0	0	0	0	0	0	0	0
sk__Bacteria;k__;p__Verrucomicrobia;c__;o__;f__;g__Lentimonas	0	0	0	0	0	0	0	0	0	0	0	0	0	0	0	0	0	0	0	0	0	0	0	0	0	0	0	0	0	0	0	0	0	0	0	0	0	0	0	0	0	0	0	0	0	24	0	0	0	0	0	0
sk__Bacteria;k__;p__Verrucomicrobia;c__Verrucomicrobiae	0	0	0	0	0	0	0	0	0	0	0	0	0	0	0	0	0	0	0	0	0	0	0	0	0	0	0	0	2	0	0	0	0	0	0	0	0	0	0	0	0	0	0	0	0	0	0	0	0	0	0	2
sk__Eukaryota	0	1	0	2	24	0	0	0	0	0	0	0	0	0	0	0	0	0	0	0	0	0	5	0	0	0	0	0	0	0	1	0	0	0	9	1	0	0	0	0	0	0	0	0	0	0	0	0	0	0	0	0
sk__Eukaryota;k__;p__;c__Dinophyceae	0	0	0	0	0	0	0	0	0	0	0	0	0	0	0	0	0	0	0	0	0	0	0	0	0	0	0	0	0	0	0	0	0	0	0	2	0	0	0	0	0	0	0	0	0	0	0	0	0	0	2	0
sk__Eukaryota;k__;p__;c__Dinophyceae;o__Lophodiniales;f__Lophodiniaceae;g__Woloszynskia	0	0	0	0	0	0	0	0	0	0	0	0	0	0	0	0	0	0	0	0	0	0	7	0	0	0	0	0	0	0	0	0	0	0	0	0	0	0	0	0	0	0	0	0	0	0	2	0	0	0	0	0
sk__Eukaryota;k__;p__;c__Dinophyceae;o__Peridiniales;f__Protoperidiniaceae	0	0	0	0	0	0	0	0	0	0	0	0	0	0	0	0	0	0	0	0	0	0	0	0	0	0	0	0	0	0	1	0	0	0	0	0	0	0	0	0	0	0	0	0	1	0	0	0	0	0	0	0
sk__Eukaryota;k__;p__;c__Dinophyceae;o__Syndiniales	0	0	0	0	0	0	0	0	0	0	4	0	0	0	0	0	1	0	0	0	0	0	1	0	3	0	0	1	0	0	24	29	1	0	0	48	0	0	0	0	0	0	0	0	0	0	0	0	0	0	3	0
sk__Eukaryota;k__;p__;c__Polycystinea;o__Spumellaria	0	0	0	0	0	0	0	0	0	0	0	0	0	0	0	0	1	0	0	0	0	0	0	0	0	0	0	0	0	0	0	0	0	0	0	0	0	0	0	0	0	0	0	0	0	0	0	0	0	0	0	0
sk__Eukaryota;k__;p__;c__Polycystinea;o__Spumellaria;f__Actinommidae;g__Astrosphaera	0	0	0	0	0	0	0	0	0	0	0	0	0	0	0	0	0	0	0	0	0	0	0	0	0	0	0	1	0	0	0	0	0	0	0	0	0	0	0	0	0	0	0	0	0	0	0	0	0	0	0	0
sk__Eukaryota;k__;p__Bacillariophyta	0	0	0	0	1	0	0	0	0	0	0	0	0	0	0	0	0	0	0	0	2	0	0	0	0	0	0	0	0	0	0	0	0	0	0	0	0	0	0	0	0	0	0	0	0	0	0	0	0	0	0	0
sk__Eukaryota;k__;p__Euglenozoa;c__;o__Diplonemea	3	0	0	2	0	0	1	0	7	0	0	0	0	0	0	0	32	0	0	0	0	0	40	0	6	0	0	0	5	0	22	0	2	0	5	2	0	0	0	0	0	0	0	0	0	0	1	0	4	0	2	2
sk__Eukaryota;k__;p__Haptista;c__Haptophyta;o__;f__;g__Chrysoculter	0	0	0	0	0	0	0	0	0	0	0	0	0	0	7	0	0	0	0	0	0	0	0	1	0	0	0	0	0	0	0	0	0	0	0	0	0	0	0	0	0	0	0	0	0	1	0	0	0	0	0	0
sk__Eukaryota;k__;p__Haptista;c__Haptophyta;o__Prymnesiales;f__Chrysochromulinaceae;g__Chrysochromulina	0	0	0	0	1	0	0	0	0	0	0	0	0	0	0	0	0	0	0	0	0	0	0	0	0	0	0	0	0	0	0	1	0	0	0	0	0	0	0	0	0	0	0	0	0	0	0	0	0	0	0	0
sk__Eukaryota;k__Fungi	0	0	0	0	0	0	0	0	1	0	0	0	0	0	0	0	0	0	0	0	0	0	0	0	0	0	0	0	0	0	0	0	0	0	0	0	0	0	0	0	0	0	0	0	0	0	0	0	0	0	0	0
sk__Eukaryota;k__Metazoa	0	0	0	0	0	0	0	0	0	0	0	0	0	0	0	0	0	0	0	0	0	0	16	0	0	0	0	0	0	0	1	0	0	0	0	0	0	0	4	0	0	0	0	0	0	0	1	0	0	0	0	0
sk__Eukaryota;k__Metazoa;p__Arthropoda;c__Hexanauplia;o__Calanoida	0	0	0	0	0	0	0	0	0	0	0	0	0	0	0	0	0	0	0	0	0	0	0	0	0	0	0	0	0	1	0	0	0	0	0	0	0	0	0	0	0	0	0	0	0	0	0	0	0	0	0	0
sk__Eukaryota;k__Metazoa;p__Chordata;c__Appendicularia;o__Copelata;f__Oikopleuridae	0	180	0	0	0	16	29	0	1394	0	0	0	0	22	0	90	0	0	0	0	2	0	4035	0	0	0	0	13	2	161	668	0	1	11	0	0	1	0	237	0	0	0	12	0	3	0	860	0	0	0	0	65
sk__Eukaryota;k__Metazoa;p__Cnidaria;c__Hydrozoa;o__Siphonophorae	0	0	0	0	0	0	0	0	0	0	0	0	0	0	0	0	0	0	0	0	0	0	0	0	13	0	0	0	0	0	0	0	0	0	0	0	0	0	0	0	0	0	0	0	0	0	0	0	0	0	0	0
sk__Eukaryota;k__Metazoa;p__Echinodermata;c__Ophiuroidea	0	0	0	0	0	0	0	0	0	0	1	0	0	0	0	0	0	0	0	0	0	0	0	0	0	0	0	0	0	0	0	0	0	0	0	0	0	0	0	0	0	0	0	0	0	0	0	0	0	0	0	0
sk__Eukaryota;k__Viridiplantae	0	0	0	0	0	0	0	0	0	0	0	0	0	0	0	0	0	0	0	0	0	0	0	0	0	0	0	0	0	0	0	1	0	0	0	0	0	0	0	0	0	0	0	0	0	0	0	0	0	0	0	0
